[2026-05-06T00:00:11.795Z] [INFO] 🔌 Initializing Supabase...
[2026-05-06T00:00:12.186Z] [INFO] 📍 URL Present: true
[2026-05-06T00:00:12.469Z] [INFO] 🔑 Keys Present: true (service: true)
[2026-05-06T00:00:17.675Z] [INFO] ✅ Supabase connected and users table accessible
[2026-05-06T00:00:17.797Z] [INFO] ✅ Connected to Supabase PostgreSQL database
[2026-05-06T00:00:17.804Z] [INFO] ✅ Database connection established
[2026-05-06T00:00:17.815Z] [INFO] 🔌 Socket.IO initialized with namespaces: /tracking, /chat, /notifications
[2026-05-06T00:00:17.929Z] [INFO] ✅ Socket.IO initialized
[2026-05-06T00:00:18.441Z] [INFO] 🔍 [PUBLIC] Maintenance check from ::1
[2026-05-06T00:00:18.472Z] [HTTP] GET /system/settings - 304 (41ms)
[2026-05-06T00:00:19.707Z] [HTTP] GET /shipments - 304 (1431ms)
[2026-05-06T00:00:20.022Z] [WARN] ⚠️ Unauthorized access attempt by abdullah.tauqeer.chh@gmail.com (fleet_owner)
[2026-05-06T00:00:20.056Z] [HTTP] GET / - 403 (43ms)
[2026-05-06T00:00:20.188Z] [HTTP] GET /shipments - 304 (336ms)
[2026-05-06T00:00:20.425Z] [WARN] ⚠️ Unauthorized access attempt by abdullah.tauqeer.chh@gmail.com (fleet_owner)
[2026-05-06T00:00:20.429Z] [HTTP] GET / - 403 (8ms)
[2026-05-06T00:00:24.335Z] [INFO] 🔍 [PUBLIC] Maintenance check from ::1
[2026-05-06T00:00:24.337Z] [HTTP] GET /system/settings - 304 (3ms)
[2026-05-06T00:00:24.393Z] [HTTP] GET / - 304 (673ms)
[2026-05-06T00:00:25.016Z] [HTTP] GET / - 304 (620ms)
[2026-05-06T00:00:25.821Z] [HTTP] GET /213beaf3-8acd-461e-9c74-2fd674431d81/conversation - 304 (424ms)
[2026-05-06T00:00:26.188Z] [HTTP] PUT /213beaf3-8acd-461e-9c74-2fd674431d81/read-all - 200 (318ms)
[2026-05-06T00:00:26.915Z] [HTTP] GET /shipments - 304 (294ms)
[2026-05-06T00:00:27.379Z] [HTTP] GET /shipments - 304 (313ms)
[2026-05-06T00:00:30.939Z] [HTTP] GET /213beaf3-8acd-461e-9c74-2fd674431d81/conversation - 304 (525ms)
[2026-05-06T00:00:31.910Z] [HTTP] GET /profile - 304 (423ms)
[2026-05-06T00:00:32.468Z] [HTTP] GET /shipments - 304 (397ms)
[2026-05-06T00:00:33.485Z] [HTTP] PUT /213beaf3-8acd-461e-9c74-2fd674431d81/read-all - 200 (473ms)
[2026-05-06T00:00:36.082Z] [HTTP] GET / - 304 (2272ms)
[2026-05-06T00:00:37.539Z] [HTTP] GET / - 304 (1406ms)
[2026-05-06T00:00:38.173Z] [HTTP] GET /97aa8433-0387-4ad7-8277-5e091c8367e2/conversation - 200 (541ms)
[2026-05-06T00:00:38.531Z] [HTTP] PUT /97aa8433-0387-4ad7-8277-5e091c8367e2/read-all - 200 (316ms)
[2026-05-06T00:00:43.488Z] [HTTP] GET /97aa8433-0387-4ad7-8277-5e091c8367e2/conversation - 200 (912ms)
[2026-05-06T00:00:45.876Z] [HTTP] PUT /97aa8433-0387-4ad7-8277-5e091c8367e2/read-all - 200 (2356ms)
[2026-05-06T00:00:47.949Z] [HTTP] GET /97aa8433-0387-4ad7-8277-5e091c8367e2/conversation - 304 (408ms)
[2026-05-06T00:00:48.446Z] [HTTP] GET /213beaf3-8acd-461e-9c74-2fd674431d81/conversation - 200 (843ms)
[2026-05-06T00:00:49.193Z] [HTTP] PUT /213beaf3-8acd-461e-9c74-2fd674431d81/read-all - 200 (389ms)
[2026-05-06T00:00:49.265Z] [HTTP] PUT /97aa8433-0387-4ad7-8277-5e091c8367e2/read-all - 200 (1304ms)
[2026-05-06T00:00:49.541Z] [HTTP] GET /213beaf3-8acd-461e-9c74-2fd674431d81/conversation - 304 (734ms)
[2026-05-06T00:00:53.550Z] [HTTP] GET /97aa8433-0387-4ad7-8277-5e091c8367e2/conversation - 304 (1011ms)
[2026-05-06T00:00:53.897Z] [HTTP] PUT /213beaf3-8acd-461e-9c74-2fd674431d81/read-all - 200 (331ms)
[2026-05-06T00:00:54.174Z] [HTTP] GET /213beaf3-8acd-461e-9c74-2fd674431d81/conversation - 304 (603ms)
[2026-05-06T00:00:54.280Z] [HTTP] PUT /97aa8433-0387-4ad7-8277-5e091c8367e2/read-all - 200 (696ms)
[2026-05-06T00:00:57.950Z] [HTTP] GET /97aa8433-0387-4ad7-8277-5e091c8367e2/conversation - 304 (403ms)
[2026-05-06T00:00:58.268Z] [HTTP] PUT /97aa8433-0387-4ad7-8277-5e091c8367e2/read-all - 200 (299ms)
[2026-05-06T00:01:03.427Z] [HTTP] GET /97aa8433-0387-4ad7-8277-5e091c8367e2/conversation - 304 (879ms)
[2026-05-06T00:01:03.773Z] [HTTP] PUT /97aa8433-0387-4ad7-8277-5e091c8367e2/read-all - 200 (326ms)
[2026-05-06T00:01:04.550Z] [HTTP] GET /213beaf3-8acd-461e-9c74-2fd674431d81/conversation - 304 (323ms)
[2026-05-06T00:01:05.228Z] [HTTP] PUT /213beaf3-8acd-461e-9c74-2fd674431d81/read-all - 200 (983ms)
[2026-05-06T00:01:08.035Z] [HTTP] GET /97aa8433-0387-4ad7-8277-5e091c8367e2/conversation - 304 (402ms)
[2026-05-06T00:01:08.488Z] [HTTP] PUT /97aa8433-0387-4ad7-8277-5e091c8367e2/read-all - 200 (351ms)
[2026-05-06T00:01:10.509Z] [HTTP] PUT /213beaf3-8acd-461e-9c74-2fd674431d81/read-all - 200 (322ms)
[2026-05-06T00:01:10.840Z] [HTTP] GET /213beaf3-8acd-461e-9c74-2fd674431d81/conversation - 304 (648ms)
[2026-05-06T00:01:13.362Z] [HTTP] GET /97aa8433-0387-4ad7-8277-5e091c8367e2/conversation - 304 (776ms)
[2026-05-06T00:01:14.157Z] [HTTP] PUT /97aa8433-0387-4ad7-8277-5e091c8367e2/read-all - 200 (537ms)
[2026-05-06T00:01:15.626Z] [HTTP] PUT /213beaf3-8acd-461e-9c74-2fd674431d81/read-all - 200 (689ms)
[2026-05-06T00:01:18.199Z] [HTTP] GET /97aa8433-0387-4ad7-8277-5e091c8367e2/conversation - 304 (641ms)
[2026-05-06T00:01:20.494Z] [HTTP] PUT /97aa8433-0387-4ad7-8277-5e091c8367e2/read-all - 200 (2266ms)
[2026-05-06T00:01:20.915Z] [HTTP] GET /213beaf3-8acd-461e-9c74-2fd674431d81/conversation - 304 (1223ms)
[2026-05-06T00:01:22.878Z] [HTTP] GET /97aa8433-0387-4ad7-8277-5e091c8367e2/conversation - 304 (327ms)
[2026-05-06T00:01:23.240Z] [HTTP] PUT /97aa8433-0387-4ad7-8277-5e091c8367e2/read-all - 200 (339ms)
[2026-05-06T00:01:24.743Z] [HTTP] GET /213beaf3-8acd-461e-9c74-2fd674431d81/conversation - 304 (312ms)
[2026-05-06T00:01:24.756Z] [HTTP] PUT /213beaf3-8acd-461e-9c74-2fd674431d81/read-all - 200 (329ms)
[2026-05-06T00:01:27.914Z] [HTTP] GET /97aa8433-0387-4ad7-8277-5e091c8367e2/conversation - 304 (344ms)
[2026-05-06T00:01:28.879Z] [HTTP] PUT /97aa8433-0387-4ad7-8277-5e091c8367e2/read-all - 200 (583ms)
[2026-05-06T00:01:29.517Z] [HTTP] PUT /213beaf3-8acd-461e-9c74-2fd674431d81/read-all - 200 (286ms)
[2026-05-06T00:01:29.988Z] [HTTP] GET /213beaf3-8acd-461e-9c74-2fd674431d81/conversation - 304 (753ms)
[2026-05-06T00:01:32.883Z] [HTTP] GET /97aa8433-0387-4ad7-8277-5e091c8367e2/conversation - 304 (318ms)
[2026-05-06T00:01:33.305Z] [HTTP] PUT /97aa8433-0387-4ad7-8277-5e091c8367e2/read-all - 200 (309ms)
[2026-05-06T00:01:34.252Z] [HTTP] PUT /213beaf3-8acd-461e-9c74-2fd674431d81/read-all - 200 (304ms)
[2026-05-06T00:01:34.326Z] [HTTP] GET /213beaf3-8acd-461e-9c74-2fd674431d81/conversation - 304 (375ms)
[2026-05-06T00:01:38.040Z] [HTTP] GET /97aa8433-0387-4ad7-8277-5e091c8367e2/conversation - 304 (441ms)
[2026-05-06T00:01:39.118Z] [HTTP] PUT /97aa8433-0387-4ad7-8277-5e091c8367e2/read-all - 200 (1026ms)
[2026-05-06T00:01:39.412Z] [HTTP] PUT /213beaf3-8acd-461e-9c74-2fd674431d81/read-all - 200 (687ms)
[2026-05-06T00:01:42.875Z] [HTTP] GET /97aa8433-0387-4ad7-8277-5e091c8367e2/conversation - 304 (335ms)
[2026-05-06T00:01:43.249Z] [HTTP] PUT /97aa8433-0387-4ad7-8277-5e091c8367e2/read-all - 200 (352ms)
[2026-05-06T00:01:46.431Z] [HTTP] GET /213beaf3-8acd-461e-9c74-2fd674431d81/conversation - 304 (599ms)
[2026-05-06T00:01:46.832Z] [HTTP] PUT /213beaf3-8acd-461e-9c74-2fd674431d81/read-all - 200 (347ms)
[2026-05-06T00:01:48.053Z] [HTTP] GET /97aa8433-0387-4ad7-8277-5e091c8367e2/conversation - 304 (508ms)
[2026-05-06T00:01:48.467Z] [HTTP] PUT /97aa8433-0387-4ad7-8277-5e091c8367e2/read-all - 200 (365ms)
[2026-05-06T00:01:54.607Z] [HTTP] GET /97aa8433-0387-4ad7-8277-5e091c8367e2/conversation - 304 (2059ms)
[2026-05-06T00:01:55.042Z] [HTTP] PUT /97aa8433-0387-4ad7-8277-5e091c8367e2/read-all - 200 (420ms)
[2026-05-06T00:01:59.307Z] [HTTP] GET /97aa8433-0387-4ad7-8277-5e091c8367e2/conversation - 304 (1748ms)
[2026-05-06T00:01:59.675Z] [HTTP] PUT /97aa8433-0387-4ad7-8277-5e091c8367e2/read-all - 200 (353ms)
[2026-05-06T00:02:02.974Z] [HTTP] GET /97aa8433-0387-4ad7-8277-5e091c8367e2/conversation - 304 (416ms)
[2026-05-06T00:02:03.317Z] [HTTP] PUT /97aa8433-0387-4ad7-8277-5e091c8367e2/read-all - 200 (298ms)
[2026-05-06T00:02:09.245Z] [HTTP] GET /97aa8433-0387-4ad7-8277-5e091c8367e2/conversation - 304 (1709ms)
[2026-05-06T00:02:10.568Z] [HTTP] PUT /97aa8433-0387-4ad7-8277-5e091c8367e2/read-all - 200 (759ms)
[2026-05-06T00:02:11.389Z] [HTTP] POST / - 200 (749ms)
[2026-05-06T00:02:25.744Z] [HTTP] GET / - 200 (14126ms)
[2026-05-06T00:02:26.350Z] [HTTP] GET /97aa8433-0387-4ad7-8277-5e091c8367e2/conversation - 200 (14576ms)
[2026-05-06T00:02:26.898Z] [HTTP] PUT /97aa8433-0387-4ad7-8277-5e091c8367e2/read-all - 200 (520ms)
[2026-05-06T00:02:34.723Z] [HTTP] GET /profile - 304 (1204ms)
[2026-05-06T00:02:35.265Z] [INFO] ✅ Storage bucket verified: truck-images
[2026-05-06T00:02:38.357Z] [HTTP] GET /97aa8433-0387-4ad7-8277-5e091c8367e2/conversation - 200 (795ms)
[2026-05-06T00:02:39.422Z] [HTTP] PUT /97aa8433-0387-4ad7-8277-5e091c8367e2/read-all - 200 (1026ms)
[2026-05-06T00:02:42.030Z] [INFO] 📸 Truck photo uploaded: 213beaf3-8acd-461e-9c74-2fd674431d81/1778025755269-chat_image.png by 213beaf3-8acd-461e-9c74-2fd674431d81
[2026-05-06T00:02:42.034Z] [HTTP] POST /truck-photo - 200 (8682ms)
[2026-05-06T00:02:42.043Z] [HTTP] POST / - 400 (2ms)
[2026-05-06T00:02:43.046Z] [HTTP] GET /97aa8433-0387-4ad7-8277-5e091c8367e2/conversation - 200 (497ms)
[2026-05-06T00:02:43.552Z] [HTTP] PUT /97aa8433-0387-4ad7-8277-5e091c8367e2/read-all - 200 (324ms)
[2026-05-06T00:02:46.621Z] [HTTP] GET /97aa8433-0387-4ad7-8277-5e091c8367e2/conversation - 304 (20250ms)
[2026-05-06T00:02:47.376Z] [HTTP] PUT /97aa8433-0387-4ad7-8277-5e091c8367e2/read-all - 200 (718ms)
[2026-05-06T00:02:47.388Z] [HTTP] GET /97aa8433-0387-4ad7-8277-5e091c8367e2/conversation - 304 (748ms)
[2026-05-06T00:02:47.928Z] [HTTP] PUT /97aa8433-0387-4ad7-8277-5e091c8367e2/read-all - 200 (523ms)
[2026-05-06T00:02:49.407Z] [HTTP] GET /97aa8433-0387-4ad7-8277-5e091c8367e2/conversation - 304 (2009ms)
[2026-05-06T00:02:49.947Z] [HTTP] GET /97aa8433-0387-4ad7-8277-5e091c8367e2/conversation - 304 (422ms)
[2026-05-06T00:02:50.032Z] [HTTP] PUT /97aa8433-0387-4ad7-8277-5e091c8367e2/read-all - 200 (391ms)
[2026-05-06T00:02:50.455Z] [HTTP] GET /213beaf3-8acd-461e-9c74-2fd674431d81/conversation - 200 (467ms)
[2026-05-06T00:02:50.628Z] [HTTP] GET /97aa8433-0387-4ad7-8277-5e091c8367e2/conversation - 304 (479ms)
[2026-05-06T00:02:50.931Z] [HTTP] PUT /97aa8433-0387-4ad7-8277-5e091c8367e2/read-all - 200 (724ms)
[2026-05-06T00:02:51.052Z] [HTTP] PUT /213beaf3-8acd-461e-9c74-2fd674431d81/read-all - 200 (432ms)
[2026-05-06T00:02:51.399Z] [HTTP] GET /97aa8433-0387-4ad7-8277-5e091c8367e2/conversation - 200 (636ms)
[2026-05-06T00:03:01.556Z] [ERROR] Error marking conversation as read:
{
  "message": "TypeError: fetch failed",
  "details": "TypeError: fetch failed\n\nCaused by: ConnectTimeoutError: Connect Timeout Error (attempted addresses: 104.18.38.10:443, 172.64.149.246:443, timeout: 10000ms) (UND_ERR_CONNECT_TIMEOUT)\nConnectTimeoutError: Connect Timeout Error (attempted addresses: 104.18.38.10:443, 172.64.149.246:443, timeout: 10000ms)\n    at onConnectTimeout (node:internal/deps/undici/undici:1690:23)\n    at Immediate._onImmediate (node:internal/deps/undici/undici:1656:35)\n    at processImmediate (node:internal/timers:504:21)",
  "hint": "",
  "code": ""
}
[2026-05-06T00:03:01.565Z] [ERROR] Error marking conversation as read:
{
  "message": "TypeError: fetch failed",
  "details": "TypeError: fetch failed\n\nCaused by: ConnectTimeoutError: Connect Timeout Error (attempted addresses: 104.18.38.10:443, 172.64.149.246:443, timeout: 10000ms) (UND_ERR_CONNECT_TIMEOUT)\nConnectTimeoutError: Connect Timeout Error (attempted addresses: 104.18.38.10:443, 172.64.149.246:443, timeout: 10000ms)\n    at onConnectTimeout (node:internal/deps/undici/undici:1690:23)\n    at Immediate._onImmediate (node:internal/deps/undici/undici:1656:35)\n    at processImmediate (node:internal/timers:504:21)",
  "hint": "",
  "code": ""
}
[2026-05-06T00:03:01.566Z] [HTTP] PUT /97aa8433-0387-4ad7-8277-5e091c8367e2/read-all - 500 (10800ms)
[2026-05-06T00:03:01.764Z] [HTTP] PUT /97aa8433-0387-4ad7-8277-5e091c8367e2/read-all - 200 (10332ms)
[2026-05-06T00:03:02.344Z] [HTTP] GET /97aa8433-0387-4ad7-8277-5e091c8367e2/conversation - 304 (9778ms)
[2026-05-06T00:03:02.522Z] [HTTP] GET /profile - 304 (9007ms)
[2026-05-06T00:03:03.362Z] [HTTP] PUT /97aa8433-0387-4ad7-8277-5e091c8367e2/read-all - 200 (977ms)
[2026-05-06T00:03:03.438Z] [HTTP] GET /97aa8433-0387-4ad7-8277-5e091c8367e2/conversation - 304 (1073ms)
[2026-05-06T00:03:04.701Z] [HTTP] GET /97aa8433-0387-4ad7-8277-5e091c8367e2/conversation - 304 (1217ms)
[2026-05-06T00:03:04.973Z] [HTTP] PUT /97aa8433-0387-4ad7-8277-5e091c8367e2/read-all - 200 (1484ms)
[2026-05-06T00:03:05.066Z] [HTTP] PUT /97aa8433-0387-4ad7-8277-5e091c8367e2/read-all - 200 (333ms)
[2026-05-06T00:03:09.626Z] [HTTP] GET /97aa8433-0387-4ad7-8277-5e091c8367e2/conversation - 304 (2078ms)
[2026-05-06T00:03:13.158Z] [HTTP] PUT /97aa8433-0387-4ad7-8277-5e091c8367e2/read-all - 200 (3507ms)
[2026-05-06T00:03:18.018Z] [HTTP] GET /97aa8433-0387-4ad7-8277-5e091c8367e2/conversation - 304 (5460ms)
[2026-05-06T00:03:18.828Z] [HTTP] PUT /97aa8433-0387-4ad7-8277-5e091c8367e2/read-all - 200 (684ms)
[2026-05-06T00:03:19.627Z] [HTTP] GET /97aa8433-0387-4ad7-8277-5e091c8367e2/conversation - 304 (1517ms)
[2026-05-06T00:03:20.372Z] [HTTP] PUT /97aa8433-0387-4ad7-8277-5e091c8367e2/read-all - 200 (706ms)
[2026-05-06T00:03:22.884Z] [HTTP] GET /97aa8433-0387-4ad7-8277-5e091c8367e2/conversation - 304 (328ms)
[2026-05-06T00:03:23.338Z] [HTTP] PUT /97aa8433-0387-4ad7-8277-5e091c8367e2/read-all - 200 (412ms)
[2026-05-06T00:03:29.142Z] [HTTP] GET /97aa8433-0387-4ad7-8277-5e091c8367e2/conversation - 304 (1578ms)
[2026-05-06T00:03:29.692Z] [HTTP] PUT /97aa8433-0387-4ad7-8277-5e091c8367e2/read-all - 200 (454ms)
[2026-05-06T00:03:32.976Z] [HTTP] GET /97aa8433-0387-4ad7-8277-5e091c8367e2/conversation - 304 (429ms)
[2026-05-06T00:03:33.402Z] [HTTP] PUT /97aa8433-0387-4ad7-8277-5e091c8367e2/read-all - 200 (389ms)
[2026-05-06T00:03:38.577Z] [HTTP] GET /97aa8433-0387-4ad7-8277-5e091c8367e2/conversation - 304 (1030ms)
[2026-05-06T00:03:38.968Z] [HTTP] PUT /97aa8433-0387-4ad7-8277-5e091c8367e2/read-all - 200 (368ms)
[2026-05-06T00:03:42.870Z] [HTTP] GET /97aa8433-0387-4ad7-8277-5e091c8367e2/conversation - 304 (331ms)
[2026-05-06T00:03:43.267Z] [HTTP] PUT /97aa8433-0387-4ad7-8277-5e091c8367e2/read-all - 200 (329ms)
[2026-05-06T00:03:48.353Z] [HTTP] GET /97aa8433-0387-4ad7-8277-5e091c8367e2/conversation - 304 (815ms)
[2026-05-06T00:03:48.722Z] [HTTP] PUT /97aa8433-0387-4ad7-8277-5e091c8367e2/read-all - 200 (360ms)
[2026-05-06T00:03:53.048Z] [HTTP] GET /97aa8433-0387-4ad7-8277-5e091c8367e2/conversation - 304 (501ms)
[2026-05-06T00:03:53.872Z] [HTTP] PUT /97aa8433-0387-4ad7-8277-5e091c8367e2/read-all - 200 (813ms)
[2026-05-06T00:03:58.043Z] [HTTP] GET /97aa8433-0387-4ad7-8277-5e091c8367e2/conversation - 304 (460ms)
[2026-05-06T00:03:58.940Z] [HTTP] PUT /97aa8433-0387-4ad7-8277-5e091c8367e2/read-all - 200 (784ms)
[2026-05-06T00:04:02.929Z] [HTTP] GET /97aa8433-0387-4ad7-8277-5e091c8367e2/conversation - 304 (357ms)
[2026-05-06T00:04:03.301Z] [INFO] 💚 Health: 227MB heap | 0h 55m uptime | 31 tracked errors
[2026-05-06T00:04:03.355Z] [HTTP] PUT /97aa8433-0387-4ad7-8277-5e091c8367e2/read-all - 200 (405ms)
[2026-05-06T00:04:08.636Z] [HTTP] GET /97aa8433-0387-4ad7-8277-5e091c8367e2/conversation - 304 (933ms)
[2026-05-06T00:04:09.183Z] [HTTP] GET /profile - 304 (1081ms)
[2026-05-06T00:04:09.824Z] [HTTP] GET /213beaf3-8acd-461e-9c74-2fd674431d81/conversation - 200 (2115ms)
[2026-05-06T00:04:10.206Z] [HTTP] PUT /213beaf3-8acd-461e-9c74-2fd674431d81/read-all - 200 (317ms)
[2026-05-06T00:04:10.689Z] [HTTP] GET /213beaf3-8acd-461e-9c74-2fd674431d81/conversation - 304 (348ms)
[2026-05-06T00:04:11.094Z] [HTTP] PUT /213beaf3-8acd-461e-9c74-2fd674431d81/read-all - 200 (336ms)
[2026-05-06T00:04:14.867Z] [HTTP] POST / - 200 (673ms)
[2026-05-06T00:04:15.786Z] [HTTP] GET / - 200 (886ms)
[2026-05-06T00:04:15.817Z] [HTTP] GET /213beaf3-8acd-461e-9c74-2fd674431d81/conversation - 200 (914ms)
[2026-05-06T00:04:16.324Z] [HTTP] PUT /97aa8433-0387-4ad7-8277-5e091c8367e2/read-all - 200 (908ms)
[2026-05-06T00:04:16.348Z] [HTTP] PUT /213beaf3-8acd-461e-9c74-2fd674431d81/read-all - 200 (479ms)
[2026-05-06T00:04:16.465Z] [HTTP] GET /213beaf3-8acd-461e-9c74-2fd674431d81/conversation - 304 (631ms)
[2026-05-06T00:04:16.876Z] [HTTP] PUT /213beaf3-8acd-461e-9c74-2fd674431d81/read-all - 200 (395ms)
[2026-05-06T00:04:17.302Z] [HTTP] GET /97aa8433-0387-4ad7-8277-5e091c8367e2/conversation - 200 (1876ms)
[2026-05-06T00:04:20.709Z] [HTTP] GET /213beaf3-8acd-461e-9c74-2fd674431d81/conversation - 200 (354ms)
[2026-05-06T00:04:21.123Z] [HTTP] PUT /213beaf3-8acd-461e-9c74-2fd674431d81/read-all - 200 (318ms)
[2026-05-06T00:04:21.675Z] [HTTP] PUT /97aa8433-0387-4ad7-8277-5e091c8367e2/read-all - 200 (300ms)
[2026-05-06T00:04:22.130Z] [HTTP] GET /97aa8433-0387-4ad7-8277-5e091c8367e2/conversation - 304 (751ms)
[2026-05-06T00:04:25.813Z] [HTTP] GET /213beaf3-8acd-461e-9c74-2fd674431d81/conversation - 304 (417ms)
[2026-05-06T00:04:26.217Z] [HTTP] PUT /213beaf3-8acd-461e-9c74-2fd674431d81/read-all - 200 (330ms)
[2026-05-06T00:04:26.463Z] [HTTP] PUT /97aa8433-0387-4ad7-8277-5e091c8367e2/read-all - 200 (339ms)
[2026-05-06T00:04:27.002Z] [HTTP] GET /97aa8433-0387-4ad7-8277-5e091c8367e2/conversation - 304 (872ms)
[2026-05-06T00:04:31.215Z] [HTTP] GET /213beaf3-8acd-461e-9c74-2fd674431d81/conversation - 304 (848ms)
[2026-05-06T00:04:31.251Z] [HTTP] GET /97aa8433-0387-4ad7-8277-5e091c8367e2/conversation - 304 (375ms)
[2026-05-06T00:04:31.612Z] [HTTP] PUT /213beaf3-8acd-461e-9c74-2fd674431d81/read-all - 200 (329ms)
[2026-05-06T00:04:31.767Z] [HTTP] PUT /97aa8433-0387-4ad7-8277-5e091c8367e2/read-all - 200 (895ms)
[2026-05-06T00:04:35.700Z] [HTTP] GET /213beaf3-8acd-461e-9c74-2fd674431d81/conversation - 304 (350ms)
[2026-05-06T00:04:36.215Z] [HTTP] PUT /213beaf3-8acd-461e-9c74-2fd674431d81/read-all - 200 (480ms)
[2026-05-06T00:04:36.455Z] [HTTP] GET /97aa8433-0387-4ad7-8277-5e091c8367e2/conversation - 304 (833ms)
[2026-05-06T00:04:36.477Z] [HTTP] PUT /97aa8433-0387-4ad7-8277-5e091c8367e2/read-all - 200 (857ms)
[2026-05-06T00:04:37.745Z] [HTTP] PUT /97aa8433-0387-4ad7-8277-5e091c8367e2/read-all - 200 (398ms)
[2026-05-06T00:04:40.797Z] [HTTP] GET /213beaf3-8acd-461e-9c74-2fd674431d81/conversation - 304 (442ms)
[2026-05-06T00:04:41.506Z] [HTTP] PUT /213beaf3-8acd-461e-9c74-2fd674431d81/read-all - 200 (636ms)
[2026-05-06T00:04:44.479Z] [HTTP] GET /97aa8433-0387-4ad7-8277-5e091c8367e2/conversation - 304 (553ms)
[2026-05-06T00:04:44.934Z] [HTTP] PUT /97aa8433-0387-4ad7-8277-5e091c8367e2/read-all - 200 (372ms)
[2026-05-06T00:04:45.764Z] [HTTP] GET /213beaf3-8acd-461e-9c74-2fd674431d81/conversation - 304 (414ms)
[2026-05-06T00:04:46.242Z] [HTTP] PUT /213beaf3-8acd-461e-9c74-2fd674431d81/read-all - 200 (459ms)
[2026-05-06T00:04:51.717Z] [HTTP] GET /213beaf3-8acd-461e-9c74-2fd674431d81/conversation - 304 (1380ms)
[2026-05-06T00:04:52.057Z] [HTTP] PUT /213beaf3-8acd-461e-9c74-2fd674431d81/read-all - 200 (326ms)
[2026-05-06T00:05:02.829Z] [HTTP] GET /213beaf3-8acd-461e-9c74-2fd674431d81/conversation - 304 (3450ms)
[2026-05-06T00:05:03.256Z] [HTTP] GET /213beaf3-8acd-461e-9c74-2fd674431d81/conversation - 304 (421ms)
[2026-05-06T00:05:03.682Z] [HTTP] PUT /213beaf3-8acd-461e-9c74-2fd674431d81/read-all - 200 (822ms)
[2026-05-06T00:05:03.709Z] [HTTP] PUT /213beaf3-8acd-461e-9c74-2fd674431d81/read-all - 200 (441ms)
[2026-05-06T00:05:04.353Z] [HTTP] GET /97aa8433-0387-4ad7-8277-5e091c8367e2/conversation - 304 (4971ms)
[2026-05-06T00:05:04.686Z] [HTTP] GET /97aa8433-0387-4ad7-8277-5e091c8367e2/conversation - 304 (307ms)
[2026-05-06T00:05:05.772Z] [HTTP] GET /213beaf3-8acd-461e-9c74-2fd674431d81/conversation - 304 (407ms)
[2026-05-06T00:05:06.085Z] [HTTP] PUT /213beaf3-8acd-461e-9c74-2fd674431d81/read-all - 200 (302ms)
[2026-05-06T00:05:09.192Z] [HTTP] PUT /97aa8433-0387-4ad7-8277-5e091c8367e2/read-all - 200 (331ms)
[2026-05-06T00:05:09.533Z] [HTTP] PUT /97aa8433-0387-4ad7-8277-5e091c8367e2/read-all - 200 (669ms)
[2026-05-06T00:05:10.178Z] [HTTP] GET /97aa8433-0387-4ad7-8277-5e091c8367e2/conversation - 304 (1310ms)
[2026-05-06T00:05:10.747Z] [HTTP] GET /213beaf3-8acd-461e-9c74-2fd674431d81/conversation - 304 (398ms)
[2026-05-06T00:05:11.113Z] [HTTP] PUT /213beaf3-8acd-461e-9c74-2fd674431d81/read-all - 200 (335ms)
[2026-05-06T00:05:17.448Z] [HTTP] GET /213beaf3-8acd-461e-9c74-2fd674431d81/conversation - 304 (2070ms)
[2026-05-06T00:05:17.909Z] [HTTP] PUT /213beaf3-8acd-461e-9c74-2fd674431d81/read-all - 200 (445ms)
[2026-05-06T00:05:19.698Z] [HTTP] PUT /97aa8433-0387-4ad7-8277-5e091c8367e2/read-all - 200 (2528ms)
[2026-05-06T00:05:20.773Z] [HTTP] GET /213beaf3-8acd-461e-9c74-2fd674431d81/conversation - 304 (403ms)
[2026-05-06T00:05:21.252Z] [HTTP] PUT /213beaf3-8acd-461e-9c74-2fd674431d81/read-all - 200 (447ms)
[2026-05-06T00:05:22.597Z] [HTTP] GET /97aa8433-0387-4ad7-8277-5e091c8367e2/conversation - 304 (5423ms)
[2026-05-06T00:05:23.008Z] [HTTP] PUT /97aa8433-0387-4ad7-8277-5e091c8367e2/read-all - 200 (398ms)
[2026-05-06T00:05:25.903Z] [HTTP] GET /213beaf3-8acd-461e-9c74-2fd674431d81/conversation - 304 (551ms)
[2026-05-06T00:05:26.371Z] [HTTP] PUT /213beaf3-8acd-461e-9c74-2fd674431d81/read-all - 200 (418ms)
[2026-05-06T00:05:30.855Z] [HTTP] GET /213beaf3-8acd-461e-9c74-2fd674431d81/conversation - 304 (495ms)
[2026-05-06T00:05:31.278Z] [HTTP] PUT /213beaf3-8acd-461e-9c74-2fd674431d81/read-all - 200 (349ms)
[2026-05-06T00:05:37.026Z] [HTTP] GET /213beaf3-8acd-461e-9c74-2fd674431d81/conversation - 304 (1672ms)
[2026-05-06T00:05:38.675Z] [HTTP] PUT /213beaf3-8acd-461e-9c74-2fd674431d81/read-all - 200 (1280ms)
[2026-05-06T00:05:42.528Z] [INFO] 🔍 [PUBLIC] Maintenance check from ::1
[2026-05-06T00:05:42.547Z] [HTTP] GET /system/settings - 304 (20ms)
[2026-05-06T00:05:50.240Z] [HTTP] GET /97aa8433-0387-4ad7-8277-5e091c8367e2/conversation - 304 (6122ms)
[2026-05-06T00:05:50.306Z] [HTTP] GET /profile - 304 (7360ms)
[2026-05-06T00:05:50.632Z] [HTTP] PUT /97aa8433-0387-4ad7-8277-5e091c8367e2/read-all - 200 (361ms)
[2026-05-06T00:05:50.745Z] [INFO] ✅ Storage bucket verified: truck-documents
[2026-05-06T00:05:51.374Z] [HTTP] GET /213beaf3-8acd-461e-9c74-2fd674431d81/conversation - 304 (11003ms)
[2026-05-06T00:05:51.853Z] [HTTP] PUT /213beaf3-8acd-461e-9c74-2fd674431d81/read-all - 200 (448ms)
[2026-05-06T00:05:51.973Z] [HTTP] GET /213beaf3-8acd-461e-9c74-2fd674431d81/conversation - 304 (582ms)
[2026-05-06T00:05:52.688Z] [HTTP] GET /213beaf3-8acd-461e-9c74-2fd674431d81/conversation - 304 (693ms)
[2026-05-06T00:05:52.749Z] [HTTP] PUT /213beaf3-8acd-461e-9c74-2fd674431d81/read-all - 200 (713ms)
[2026-05-06T00:05:53.444Z] [HTTP] PUT /213beaf3-8acd-461e-9c74-2fd674431d81/read-all - 200 (698ms)
[2026-05-06T00:05:58.352Z] [HTTP] GET /213beaf3-8acd-461e-9c74-2fd674431d81/conversation - 304 (2984ms)
[2026-05-06T00:05:59.996Z] [HTTP] PUT /213beaf3-8acd-461e-9c74-2fd674431d81/read-all - 200 (1463ms)
[2026-05-06T00:06:00.897Z] [HTTP] GET /213beaf3-8acd-461e-9c74-2fd674431d81/conversation - 304 (537ms)
[2026-05-06T00:06:01.339Z] [HTTP] PUT /213beaf3-8acd-461e-9c74-2fd674431d81/read-all - 200 (426ms)
[2026-05-06T00:06:04.373Z] [INFO] 📄 Truck document uploaded: 97aa8433-0387-4ad7-8277-5e091c8367e2/1778025950750-chat_doc.pdf by 97aa8433-0387-4ad7-8277-5e091c8367e2
[2026-05-06T00:06:04.376Z] [HTTP] POST /truck-document - 200 (21708ms)
[2026-05-06T00:06:04.391Z] [HTTP] POST / - 400 (1ms)
[2026-05-06T00:06:05.651Z] [HTTP] GET /213beaf3-8acd-461e-9c74-2fd674431d81/conversation - 304 (298ms)
[2026-05-06T00:06:06.836Z] [HTTP] PUT /213beaf3-8acd-461e-9c74-2fd674431d81/read-all - 200 (1167ms)
[2026-05-06T00:06:08.913Z] [HTTP] GET /97aa8433-0387-4ad7-8277-5e091c8367e2/conversation - 304 (400ms)
[2026-05-06T00:06:09.290Z] [HTTP] PUT /97aa8433-0387-4ad7-8277-5e091c8367e2/read-all - 200 (318ms)
[2026-05-06T00:06:10.783Z] [HTTP] GET /213beaf3-8acd-461e-9c74-2fd674431d81/conversation - 304 (420ms)
[2026-05-06T00:06:11.106Z] [HTTP] PUT /213beaf3-8acd-461e-9c74-2fd674431d81/read-all - 200 (300ms)
[2026-05-06T00:06:16.079Z] [HTTP] GET /213beaf3-8acd-461e-9c74-2fd674431d81/conversation - 304 (707ms)
[2026-05-06T00:06:16.419Z] [HTTP] PUT /213beaf3-8acd-461e-9c74-2fd674431d81/read-all - 200 (312ms)
[2026-05-06T00:06:19.437Z] [HTTP] GET /97aa8433-0387-4ad7-8277-5e091c8367e2/conversation - 304 (506ms)
[2026-05-06T00:06:19.922Z] [HTTP] GET /97aa8433-0387-4ad7-8277-5e091c8367e2/conversation - 304 (438ms)
[2026-05-06T00:06:20.346Z] [HTTP] PUT /97aa8433-0387-4ad7-8277-5e091c8367e2/read-all - 200 (850ms)
[2026-05-06T00:06:20.721Z] [HTTP] GET /213beaf3-8acd-461e-9c74-2fd674431d81/conversation - 304 (299ms)
[2026-05-06T00:06:21.234Z] [HTTP] PUT /213beaf3-8acd-461e-9c74-2fd674431d81/read-all - 200 (368ms)
[2026-05-06T00:06:23.246Z] [HTTP] GET /profile - 304 (348ms)
[2026-05-06T00:06:25.576Z] [HTTP] PUT /97aa8433-0387-4ad7-8277-5e091c8367e2/read-all - 200 (648ms)
[2026-05-06T00:06:26.327Z] [HTTP] GET /213beaf3-8acd-461e-9c74-2fd674431d81/conversation - 304 (949ms)
[2026-05-06T00:06:26.795Z] [HTTP] GET /97aa8433-0387-4ad7-8277-5e091c8367e2/conversation - 304 (1864ms)
[2026-05-06T00:06:26.963Z] [HTTP] PUT /213beaf3-8acd-461e-9c74-2fd674431d81/read-all - 200 (517ms)
[2026-05-06T00:06:27.402Z] [HTTP] PUT /97aa8433-0387-4ad7-8277-5e091c8367e2/read-all - 200 (330ms)
[2026-05-06T00:06:28.032Z] [HTTP] GET /97aa8433-0387-4ad7-8277-5e091c8367e2/conversation - 304 (377ms)
[2026-05-06T00:06:28.802Z] [HTTP] PUT /97aa8433-0387-4ad7-8277-5e091c8367e2/read-all - 200 (735ms)
[2026-05-06T00:06:33.422Z] [HTTP] GET /97aa8433-0387-4ad7-8277-5e091c8367e2/conversation - 304 (841ms)
[2026-05-06T00:06:33.750Z] [HTTP] PUT /97aa8433-0387-4ad7-8277-5e091c8367e2/read-all - 200 (290ms)
[2026-05-06T00:06:33.826Z] [HTTP] GET /213beaf3-8acd-461e-9c74-2fd674431d81/conversation - 304 (665ms)
[2026-05-06T00:06:38.293Z] [HTTP] GET /97aa8433-0387-4ad7-8277-5e091c8367e2/conversation - 304 (739ms)
[2026-05-06T00:06:39.630Z] [HTTP] PUT /97aa8433-0387-4ad7-8277-5e091c8367e2/read-all - 200 (1284ms)
[2026-05-06T00:06:41.528Z] [HTTP] GET /213beaf3-8acd-461e-9c74-2fd674431d81/conversation - 304 (3501ms)
[2026-05-06T00:06:42.053Z] [HTTP] PUT /213beaf3-8acd-461e-9c74-2fd674431d81/read-all - 200 (566ms)
[2026-05-06T00:06:42.090Z] [HTTP] GET /213beaf3-8acd-461e-9c74-2fd674431d81/conversation - 304 (554ms)
[2026-05-06T00:06:42.901Z] [HTTP] GET /97aa8433-0387-4ad7-8277-5e091c8367e2/conversation - 304 (340ms)
[2026-05-06T00:06:43.137Z] [HTTP] PUT /213beaf3-8acd-461e-9c74-2fd674431d81/read-all - 200 (1578ms)
[2026-05-06T00:06:43.396Z] [HTTP] PUT /97aa8433-0387-4ad7-8277-5e091c8367e2/read-all - 200 (450ms)
[2026-05-06T00:06:51.062Z] [HTTP] PUT /213beaf3-8acd-461e-9c74-2fd674431d81/read-all - 200 (3635ms)
[2026-05-06T00:06:56.257Z] [HTTP] GET /97aa8433-0387-4ad7-8277-5e091c8367e2/conversation - 304 (8713ms)
[2026-05-06T00:06:56.734Z] [HTTP] PUT /97aa8433-0387-4ad7-8277-5e091c8367e2/read-all - 200 (367ms)
[2026-05-06T00:06:57.104Z] [HTTP] GET /97aa8433-0387-4ad7-8277-5e091c8367e2/conversation - 304 (777ms)
[2026-05-06T00:06:57.645Z] [HTTP] PUT /97aa8433-0387-4ad7-8277-5e091c8367e2/read-all - 200 (314ms)
[2026-05-06T00:06:57.927Z] [HTTP] GET /97aa8433-0387-4ad7-8277-5e091c8367e2/conversation - 304 (369ms)
[2026-05-06T00:06:58.323Z] [HTTP] PUT /97aa8433-0387-4ad7-8277-5e091c8367e2/read-all - 200 (368ms)
[2026-05-06T00:07:03.568Z] [HTTP] GET /97aa8433-0387-4ad7-8277-5e091c8367e2/conversation - 304 (986ms)
[2026-05-06T00:07:04.020Z] [HTTP] PUT /97aa8433-0387-4ad7-8277-5e091c8367e2/read-all - 200 (413ms)
[2026-05-06T00:07:08.059Z] [HTTP] GET /97aa8433-0387-4ad7-8277-5e091c8367e2/conversation - 304 (313ms)
[2026-05-06T00:07:08.603Z] [HTTP] PUT /97aa8433-0387-4ad7-8277-5e091c8367e2/read-all - 200 (306ms)
[2026-05-06T00:07:12.912Z] [HTTP] GET /97aa8433-0387-4ad7-8277-5e091c8367e2/conversation - 304 (366ms)
[2026-05-06T00:07:13.299Z] [HTTP] PUT /97aa8433-0387-4ad7-8277-5e091c8367e2/read-all - 200 (356ms)
[2026-05-06T00:07:18.658Z] [HTTP] GET /97aa8433-0387-4ad7-8277-5e091c8367e2/conversation - 304 (1115ms)
[2026-05-06T00:07:19.035Z] [HTTP] PUT /97aa8433-0387-4ad7-8277-5e091c8367e2/read-all - 200 (339ms)
[2026-05-06T00:07:22.873Z] [HTTP] GET /97aa8433-0387-4ad7-8277-5e091c8367e2/conversation - 304 (330ms)
[2026-05-06T00:07:23.974Z] [HTTP] PUT /97aa8433-0387-4ad7-8277-5e091c8367e2/read-all - 200 (1095ms)
[2026-05-06T00:07:27.941Z] [HTTP] GET /97aa8433-0387-4ad7-8277-5e091c8367e2/conversation - 304 (400ms)
[2026-05-06T00:07:28.304Z] [HTTP] PUT /97aa8433-0387-4ad7-8277-5e091c8367e2/read-all - 200 (331ms)
[2026-05-06T00:07:33.319Z] [HTTP] GET /97aa8433-0387-4ad7-8277-5e091c8367e2/conversation - 304 (766ms)
[2026-05-06T00:07:33.665Z] [HTTP] PUT /97aa8433-0387-4ad7-8277-5e091c8367e2/read-all - 200 (325ms)
[2026-05-06T00:07:38.172Z] [HTTP] GET /97aa8433-0387-4ad7-8277-5e091c8367e2/conversation - 304 (629ms)
[2026-05-06T00:07:38.690Z] [HTTP] PUT /97aa8433-0387-4ad7-8277-5e091c8367e2/read-all - 200 (407ms)
[2026-05-06T00:07:42.976Z] [HTTP] GET /97aa8433-0387-4ad7-8277-5e091c8367e2/conversation - 304 (418ms)
[2026-05-06T00:07:43.327Z] [HTTP] PUT /97aa8433-0387-4ad7-8277-5e091c8367e2/read-all - 200 (322ms)
[2026-05-06T00:08:11.411Z] [INFO] 🔍 [PUBLIC] Maintenance check from ::1
[2026-05-06T00:08:11.515Z] [HTTP] GET /system/settings - 304 (105ms)
[2026-05-06T00:08:31.654Z] [ERROR] Get profile error:
{
  "statusCode": 404,
  "code": "USER_NOT_FOUND"
}
[2026-05-06T00:08:31.679Z] [HTTP] GET /profile - 404 (19610ms)
[2026-05-06T00:08:31.680Z] [ERROR] Error fetching conversation:
{
  "message": "TypeError: fetch failed",
  "details": "TypeError: fetch failed\n\nCaused by: Error: getaddrinfo ENOTFOUND ewlzbeauucflhtzmzkhy.supabase.co (ENOTFOUND)\nError: getaddrinfo ENOTFOUND ewlzbeauucflhtzmzkhy.supabase.co\n    at GetAddrInfoReqWrap.onlookupall [as oncomplete] (node:dns:122:26)",
  "hint": "",
  "code": ""
}
[2026-05-06T00:08:31.682Z] [ERROR] Error fetching conversation:
{
  "message": "TypeError: fetch failed",
  "details": "TypeError: fetch failed\n\nCaused by: Error: getaddrinfo ENOTFOUND ewlzbeauucflhtzmzkhy.supabase.co (ENOTFOUND)\nError: getaddrinfo ENOTFOUND ewlzbeauucflhtzmzkhy.supabase.co\n    at GetAddrInfoReqWrap.onlookupall [as oncomplete] (node:dns:122:26)",
  "hint": "",
  "code": ""
}
[2026-05-06T00:08:31.683Z] [HTTP] GET /97aa8433-0387-4ad7-8277-5e091c8367e2/conversation - 500 (44135ms)
[2026-05-06T00:08:34.355Z] [HTTP] GET /97aa8433-0387-4ad7-8277-5e091c8367e2/conversation - 200 (6780ms)
[2026-05-06T00:08:34.524Z] [HTTP] GET /97aa8433-0387-4ad7-8277-5e091c8367e2/conversation - 200 (11969ms)
[2026-05-06T00:08:35.341Z] [HTTP] GET /97aa8433-0387-4ad7-8277-5e091c8367e2/conversation - 200 (1009ms)
[2026-05-06T00:08:35.379Z] [HTTP] GET /97aa8433-0387-4ad7-8277-5e091c8367e2/conversation - 200 (22807ms)
[2026-05-06T00:08:36.601Z] [HTTP] GET /97aa8433-0387-4ad7-8277-5e091c8367e2/conversation - 200 (19048ms)
[2026-05-06T00:08:39.187Z] [HTTP] GET /97aa8433-0387-4ad7-8277-5e091c8367e2/conversation - 304 (375ms)
[2026-05-06T00:08:39.650Z] [HTTP] PUT /97aa8433-0387-4ad7-8277-5e091c8367e2/read-all - 200 (712ms)
[2026-05-06T00:08:39.704Z] [HTTP] GET /97aa8433-0387-4ad7-8277-5e091c8367e2/conversation - 304 (401ms)
[2026-05-06T00:08:40.393Z] [HTTP] GET /97aa8433-0387-4ad7-8277-5e091c8367e2/conversation - 304 (593ms)
[2026-05-06T00:08:40.621Z] [HTTP] PUT /97aa8433-0387-4ad7-8277-5e091c8367e2/read-all - 200 (315ms)
[2026-05-06T00:08:41.030Z] [HTTP] PUT /97aa8433-0387-4ad7-8277-5e091c8367e2/read-all - 200 (721ms)
[2026-05-06T00:08:41.034Z] [HTTP] GET /97aa8433-0387-4ad7-8277-5e091c8367e2/conversation - 304 (400ms)
[2026-05-06T00:08:41.401Z] [HTTP] PUT /97aa8433-0387-4ad7-8277-5e091c8367e2/read-all - 200 (940ms)
[2026-05-06T00:08:41.406Z] [HTTP] PUT /97aa8433-0387-4ad7-8277-5e091c8367e2/read-all - 200 (1092ms)
[2026-05-06T00:08:41.704Z] [HTTP] PUT /97aa8433-0387-4ad7-8277-5e091c8367e2/read-all - 200 (1387ms)
[2026-05-06T00:08:41.721Z] [HTTP] PUT /97aa8433-0387-4ad7-8277-5e091c8367e2/read-all - 200 (1401ms)
[2026-05-06T00:08:45.456Z] [HTTP] GET /97aa8433-0387-4ad7-8277-5e091c8367e2/conversation - 304 (447ms)
[2026-05-06T00:08:50.505Z] [HTTP] PUT /97aa8433-0387-4ad7-8277-5e091c8367e2/read-all - 200 (747ms)
[2026-05-06T00:08:50.512Z] [HTTP] PUT /97aa8433-0387-4ad7-8277-5e091c8367e2/read-all - 200 (759ms)
[2026-05-06T00:08:50.518Z] [HTTP] PUT /97aa8433-0387-4ad7-8277-5e091c8367e2/read-all - 200 (757ms)
[2026-05-06T00:08:50.784Z] [HTTP] GET /97aa8433-0387-4ad7-8277-5e091c8367e2/conversation - 304 (995ms)
[2026-05-06T00:08:54.824Z] [HTTP] PUT /97aa8433-0387-4ad7-8277-5e091c8367e2/read-all - 200 (311ms)
[2026-05-06T00:08:55.145Z] [HTTP] GET /97aa8433-0387-4ad7-8277-5e091c8367e2/conversation - 304 (623ms)
[2026-05-06T00:09:00.172Z] [HTTP] GET /97aa8433-0387-4ad7-8277-5e091c8367e2/conversation - 304 (800ms)
[2026-05-06T00:09:03.329Z] [INFO] 💚 Health: 235MB heap | 1h 0m uptime | 47 tracked errors
[2026-05-06T00:09:04.265Z] [HTTP] PUT /97aa8433-0387-4ad7-8277-5e091c8367e2/read-all - 200 (289ms)
[2026-05-06T00:09:04.591Z] [HTTP] GET /97aa8433-0387-4ad7-8277-5e091c8367e2/conversation - 304 (591ms)
[2026-05-06T00:09:09.624Z] [HTTP] PUT /97aa8433-0387-4ad7-8277-5e091c8367e2/read-all - 200 (869ms)
[2026-05-06T00:09:09.631Z] [HTTP] GET /97aa8433-0387-4ad7-8277-5e091c8367e2/conversation - 304 (870ms)
[2026-05-06T00:09:09.893Z] [HTTP] PUT /97aa8433-0387-4ad7-8277-5e091c8367e2/read-all - 200 (1141ms)
[2026-05-06T00:09:13.850Z] [HTTP] PUT /97aa8433-0387-4ad7-8277-5e091c8367e2/read-all - 200 (341ms)
[2026-05-06T00:09:13.893Z] [HTTP] GET /97aa8433-0387-4ad7-8277-5e091c8367e2/conversation - 304 (379ms)
[2026-05-06T00:09:19.530Z] [HTTP] PUT /97aa8433-0387-4ad7-8277-5e091c8367e2/read-all - 200 (741ms)
[2026-05-06T00:09:19.926Z] [HTTP] GET /97aa8433-0387-4ad7-8277-5e091c8367e2/conversation - 304 (980ms)
[2026-05-06T00:09:23.311Z] [HTTP] PUT /97aa8433-0387-4ad7-8277-5e091c8367e2/read-all - 200 (330ms)
[2026-05-06T00:09:25.149Z] [HTTP] GET /213beaf3-8acd-461e-9c74-2fd674431d81/conversation - 304 (363ms)
[2026-05-06T00:09:25.526Z] [HTTP] PUT /213beaf3-8acd-461e-9c74-2fd674431d81/read-all - 200 (322ms)
[2026-05-06T00:09:25.976Z] [HTTP] GET /profile - 304 (769ms)
[2026-05-06T00:09:26.071Z] [HTTP] GET /213beaf3-8acd-461e-9c74-2fd674431d81/conversation - 304 (710ms)
[2026-05-06T00:09:26.561Z] [HTTP] PUT /213beaf3-8acd-461e-9c74-2fd674431d81/read-all - 200 (310ms)
[2026-05-06T00:09:28.519Z] [HTTP] GET /97aa8433-0387-4ad7-8277-5e091c8367e2/conversation - 304 (784ms)
[2026-05-06T00:09:31.147Z] [HTTP] GET /213beaf3-8acd-461e-9c74-2fd674431d81/conversation - 304 (785ms)
[2026-05-06T00:09:31.982Z] [HTTP] PUT /213beaf3-8acd-461e-9c74-2fd674431d81/read-all - 200 (664ms)
[2026-05-06T00:09:42.777Z] [HTTP] PUT /97aa8433-0387-4ad7-8277-5e091c8367e2/read-all - 200 (10263ms)
[2026-05-06T00:09:43.741Z] [HTTP] GET /213beaf3-8acd-461e-9c74-2fd674431d81/conversation - 304 (8358ms)
[2026-05-06T00:09:43.849Z] [HTTP] GET /97aa8433-0387-4ad7-8277-5e091c8367e2/conversation - 304 (6577ms)
[2026-05-06T00:09:43.944Z] [HTTP] GET /profile - 304 (5059ms)
[2026-05-06T00:09:44.087Z] [HTTP] PUT /213beaf3-8acd-461e-9c74-2fd674431d81/read-all - 200 (310ms)
[2026-05-06T00:09:44.168Z] [HTTP] GET /213beaf3-8acd-461e-9c74-2fd674431d81/conversation - 304 (407ms)
[2026-05-06T00:09:44.383Z] [HTTP] PUT /97aa8433-0387-4ad7-8277-5e091c8367e2/read-all - 200 (515ms)
[2026-05-06T00:09:44.501Z] [HTTP] PUT /213beaf3-8acd-461e-9c74-2fd674431d81/read-all - 200 (321ms)
[2026-05-06T00:09:45.722Z] [HTTP] GET /213beaf3-8acd-461e-9c74-2fd674431d81/conversation - 304 (368ms)
[2026-05-06T00:09:46.822Z] [HTTP] PUT /213beaf3-8acd-461e-9c74-2fd674431d81/read-all - 200 (1062ms)
[2026-05-06T00:09:49.672Z] [HTTP] GET /97aa8433-0387-4ad7-8277-5e091c8367e2/conversation - 304 (556ms)
[2026-05-06T00:09:50.984Z] [HTTP] GET /213beaf3-8acd-461e-9c74-2fd674431d81/conversation - 304 (638ms)
[2026-05-06T00:09:52.355Z] [HTTP] PUT /213beaf3-8acd-461e-9c74-2fd674431d81/read-all - 200 (1131ms)
[2026-05-06T00:09:54.324Z] [HTTP] PUT /97aa8433-0387-4ad7-8277-5e091c8367e2/read-all - 200 (456ms)
[2026-05-06T00:09:55.924Z] [INFO] 📄 Truck document uploaded: 97aa8433-0387-4ad7-8277-5e091c8367e2/1778026178606-chat_doc.pdf by 97aa8433-0387-4ad7-8277-5e091c8367e2
[2026-05-06T00:09:55.927Z] [HTTP] POST /truck-document - 200 (17344ms)
[2026-05-06T00:09:55.942Z] [HTTP] POST / - 400 (2ms)
[2026-05-06T00:09:56.696Z] [HTTP] GET /213beaf3-8acd-461e-9c74-2fd674431d81/conversation - 304 (1359ms)
[2026-05-06T00:09:57.232Z] [HTTP] PUT /213beaf3-8acd-461e-9c74-2fd674431d81/read-all - 200 (527ms)
[2026-05-06T00:10:00.705Z] [HTTP] GET /213beaf3-8acd-461e-9c74-2fd674431d81/conversation - 304 (344ms)
[2026-05-06T00:10:01.884Z] [HTTP] PUT /213beaf3-8acd-461e-9c74-2fd674431d81/read-all - 200 (1164ms)
[2026-05-06T00:10:05.718Z] [HTTP] GET /213beaf3-8acd-461e-9c74-2fd674431d81/conversation - 304 (367ms)
[2026-05-06T00:10:06.851Z] [HTTP] PUT /213beaf3-8acd-461e-9c74-2fd674431d81/read-all - 200 (1090ms)
[2026-05-06T00:10:10.719Z] [HTTP] GET /213beaf3-8acd-461e-9c74-2fd674431d81/conversation - 304 (375ms)
[2026-05-06T00:10:11.064Z] [HTTP] PUT /213beaf3-8acd-461e-9c74-2fd674431d81/read-all - 200 (327ms)
[2026-05-06T00:10:16.365Z] [HTTP] GET /213beaf3-8acd-461e-9c74-2fd674431d81/conversation - 304 (1012ms)
[2026-05-06T00:10:18.808Z] [HTTP] GET /97aa8433-0387-4ad7-8277-5e091c8367e2/conversation - 304 (1102ms)
[2026-05-06T00:10:18.886Z] [HTTP] GET /profile - 200 (678ms)
[2026-05-06T00:10:19.127Z] [HTTP] PUT /97aa8433-0387-4ad7-8277-5e091c8367e2/read-all - 200 (292ms)
[2026-05-06T00:10:22.909Z] [HTTP] PUT /213beaf3-8acd-461e-9c74-2fd674431d81/read-all - 200 (6533ms)
[2026-05-06T00:10:22.956Z] [HTTP] GET /97aa8433-0387-4ad7-8277-5e091c8367e2/conversation - 304 (394ms)
[2026-05-06T00:10:23.270Z] [HTTP] PUT /97aa8433-0387-4ad7-8277-5e091c8367e2/read-all - 200 (297ms)
[2026-05-06T00:10:24.007Z] [HTTP] GET /213beaf3-8acd-461e-9c74-2fd674431d81/conversation - 304 (446ms)
[2026-05-06T00:10:24.321Z] [HTTP] PUT /213beaf3-8acd-461e-9c74-2fd674431d81/read-all - 200 (302ms)
[2026-05-06T00:10:25.639Z] [HTTP] GET /213beaf3-8acd-461e-9c74-2fd674431d81/conversation - 304 (291ms)
[2026-05-06T00:10:26.081Z] [HTTP] PUT /213beaf3-8acd-461e-9c74-2fd674431d81/read-all - 200 (364ms)
[2026-05-06T00:10:31.375Z] [HTTP] GET /213beaf3-8acd-461e-9c74-2fd674431d81/conversation - 304 (1011ms)
[2026-05-06T00:10:31.699Z] [HTTP] PUT /213beaf3-8acd-461e-9c74-2fd674431d81/read-all - 200 (291ms)
[2026-05-06T00:10:34.536Z] [HTTP] GET /97aa8433-0387-4ad7-8277-5e091c8367e2/conversation - 304 (314ms)
[2026-05-06T00:10:34.900Z] [HTTP] GET /97aa8433-0387-4ad7-8277-5e091c8367e2/conversation - 304 (351ms)
[2026-05-06T00:10:35.723Z] [HTTP] GET /213beaf3-8acd-461e-9c74-2fd674431d81/conversation - 304 (362ms)
[2026-05-06T00:10:35.765Z] [HTTP] PUT /97aa8433-0387-4ad7-8277-5e091c8367e2/read-all - 200 (1204ms)
[2026-05-06T00:10:36.563Z] [HTTP] PUT /213beaf3-8acd-461e-9c74-2fd674431d81/read-all - 200 (827ms)
[2026-05-06T00:10:40.536Z] [HTTP] PUT /97aa8433-0387-4ad7-8277-5e091c8367e2/read-all - 200 (339ms)
[2026-05-06T00:10:40.913Z] [HTTP] GET /97aa8433-0387-4ad7-8277-5e091c8367e2/conversation - 304 (711ms)
[2026-05-06T00:10:40.998Z] [HTTP] GET /213beaf3-8acd-461e-9c74-2fd674431d81/conversation - 304 (645ms)
[2026-05-06T00:10:41.871Z] [HTTP] PUT /213beaf3-8acd-461e-9c74-2fd674431d81/read-all - 200 (851ms)
[2026-05-06T00:10:45.268Z] [HTTP] PUT /97aa8433-0387-4ad7-8277-5e091c8367e2/read-all - 200 (322ms)
[2026-05-06T00:10:45.568Z] [HTTP] GET /97aa8433-0387-4ad7-8277-5e091c8367e2/conversation - 304 (616ms)
[2026-05-06T00:10:45.715Z] [HTTP] GET /213beaf3-8acd-461e-9c74-2fd674431d81/conversation - 304 (377ms)
[2026-05-06T00:10:46.045Z] [HTTP] PUT /213beaf3-8acd-461e-9c74-2fd674431d81/read-all - 200 (319ms)
[2026-05-06T00:10:52.302Z] [HTTP] GET /213beaf3-8acd-461e-9c74-2fd674431d81/conversation - 304 (1960ms)
[2026-05-06T00:10:52.884Z] [HTTP] PUT /97aa8433-0387-4ad7-8277-5e091c8367e2/read-all - 200 (837ms)
[2026-05-06T00:10:52.896Z] [HTTP] GET /97aa8433-0387-4ad7-8277-5e091c8367e2/conversation - 304 (852ms)
[2026-05-06T00:10:55.538Z] [HTTP] PUT /213beaf3-8acd-461e-9c74-2fd674431d81/read-all - 200 (3209ms)
[2026-05-06T00:10:55.638Z] [HTTP] GET /213beaf3-8acd-461e-9c74-2fd674431d81/conversation - 304 (301ms)
[2026-05-06T00:10:55.961Z] [HTTP] PUT /213beaf3-8acd-461e-9c74-2fd674431d81/read-all - 200 (316ms)
[2026-05-06T00:10:58.301Z] [HTTP] PUT /97aa8433-0387-4ad7-8277-5e091c8367e2/read-all - 200 (309ms)
[2026-05-06T00:10:58.307Z] [HTTP] GET /97aa8433-0387-4ad7-8277-5e091c8367e2/conversation - 304 (320ms)
[2026-05-06T00:11:00.789Z] [HTTP] GET /213beaf3-8acd-461e-9c74-2fd674431d81/conversation - 304 (420ms)
[2026-05-06T00:11:01.817Z] [HTTP] PUT /213beaf3-8acd-461e-9c74-2fd674431d81/read-all - 200 (1002ms)
[2026-05-06T00:11:03.681Z] [HTTP] PUT /97aa8433-0387-4ad7-8277-5e091c8367e2/read-all - 200 (950ms)
[2026-05-06T00:11:05.767Z] [HTTP] GET /213beaf3-8acd-461e-9c74-2fd674431d81/conversation - 304 (414ms)
[2026-05-06T00:11:06.075Z] [HTTP] PUT /213beaf3-8acd-461e-9c74-2fd674431d81/read-all - 200 (294ms)
[2026-05-06T00:11:08.354Z] [HTTP] GET /97aa8433-0387-4ad7-8277-5e091c8367e2/conversation - 304 (882ms)
[2026-05-06T00:11:10.740Z] [HTTP] GET /213beaf3-8acd-461e-9c74-2fd674431d81/conversation - 304 (393ms)
[2026-05-06T00:11:11.729Z] [HTTP] PUT /213beaf3-8acd-461e-9c74-2fd674431d81/read-all - 200 (791ms)
[2026-05-06T00:11:13.058Z] [HTTP] PUT /97aa8433-0387-4ad7-8277-5e091c8367e2/read-all - 200 (760ms)
[2026-05-06T00:11:15.729Z] [HTTP] GET /213beaf3-8acd-461e-9c74-2fd674431d81/conversation - 304 (395ms)
[2026-05-06T00:11:16.034Z] [HTTP] PUT /213beaf3-8acd-461e-9c74-2fd674431d81/read-all - 200 (296ms)
[2026-05-06T00:11:17.296Z] [HTTP] GET /97aa8433-0387-4ad7-8277-5e091c8367e2/conversation - 304 (309ms)
[2026-05-06T00:11:19.210Z] [HTTP] GET /97aa8433-0387-4ad7-8277-5e091c8367e2/conversation - 304 (395ms)
[2026-05-06T00:11:20.741Z] [HTTP] GET /213beaf3-8acd-461e-9c74-2fd674431d81/conversation - 304 (387ms)
[2026-05-06T00:11:21.624Z] [HTTP] PUT /213beaf3-8acd-461e-9c74-2fd674431d81/read-all - 200 (855ms)
[2026-05-06T00:11:24.811Z] [HTTP] PUT /97aa8433-0387-4ad7-8277-5e091c8367e2/read-all - 200 (683ms)
[2026-05-06T00:11:24.914Z] [HTTP] PUT /97aa8433-0387-4ad7-8277-5e091c8367e2/read-all - 200 (789ms)
[2026-05-06T00:11:25.856Z] [HTTP] GET /213beaf3-8acd-461e-9c74-2fd674431d81/conversation - 304 (465ms)
[2026-05-06T00:11:26.320Z] [HTTP] PUT /213beaf3-8acd-461e-9c74-2fd674431d81/read-all - 200 (338ms)
[2026-05-06T00:11:31.707Z] [HTTP] GET /213beaf3-8acd-461e-9c74-2fd674431d81/conversation - 304 (1360ms)
[2026-05-06T00:11:36.015Z] [HTTP] PUT /213beaf3-8acd-461e-9c74-2fd674431d81/read-all - 200 (4280ms)
[2026-05-06T00:11:36.051Z] [HTTP] GET /213beaf3-8acd-461e-9c74-2fd674431d81/conversation - 304 (711ms)
[2026-05-06T00:11:36.365Z] [HTTP] PUT /213beaf3-8acd-461e-9c74-2fd674431d81/read-all - 200 (303ms)
[2026-05-06T00:11:40.762Z] [HTTP] GET /213beaf3-8acd-461e-9c74-2fd674431d81/conversation - 304 (403ms)
[2026-05-06T00:11:41.698Z] [HTTP] PUT /213beaf3-8acd-461e-9c74-2fd674431d81/read-all - 200 (917ms)
[2026-05-06T00:11:45.747Z] [HTTP] GET /213beaf3-8acd-461e-9c74-2fd674431d81/conversation - 304 (396ms)
[2026-05-06T00:11:47.129Z] [HTTP] PUT /213beaf3-8acd-461e-9c74-2fd674431d81/read-all - 200 (1340ms)
[2026-05-06T00:11:50.789Z] [HTTP] GET /213beaf3-8acd-461e-9c74-2fd674431d81/conversation - 304 (441ms)
[2026-05-06T00:11:51.199Z] [HTTP] PUT /213beaf3-8acd-461e-9c74-2fd674431d81/read-all - 200 (373ms)
[2026-05-06T00:11:56.074Z] [HTTP] GET /213beaf3-8acd-461e-9c74-2fd674431d81/conversation - 304 (728ms)
[2026-05-06T00:11:56.390Z] [HTTP] PUT /213beaf3-8acd-461e-9c74-2fd674431d81/read-all - 200 (303ms)
[2026-05-06T00:12:00.742Z] [HTTP] GET /213beaf3-8acd-461e-9c74-2fd674431d81/conversation - 304 (401ms)
[2026-05-06T00:12:01.102Z] [HTTP] PUT /213beaf3-8acd-461e-9c74-2fd674431d81/read-all - 200 (343ms)
[2026-05-06T00:12:06.319Z] [HTTP] GET /213beaf3-8acd-461e-9c74-2fd674431d81/conversation - 304 (973ms)
[2026-05-06T00:12:07.548Z] [HTTP] PUT /213beaf3-8acd-461e-9c74-2fd674431d81/read-all - 200 (1213ms)
[2026-05-06T00:12:10.842Z] [HTTP] GET /213beaf3-8acd-461e-9c74-2fd674431d81/conversation - 304 (496ms)
[2026-05-06T00:12:11.842Z] [INFO] 🔍 [PUBLIC] Maintenance check from ::1
[2026-05-06T00:12:11.844Z] [HTTP] GET /system/settings - 304 (2ms)
[2026-05-06T00:12:12.687Z] [HTTP] PUT /213beaf3-8acd-461e-9c74-2fd674431d81/read-all - 200 (1825ms)
[2026-05-06T00:12:14.198Z] [HTTP] GET /profile - 304 (1890ms)
[2026-05-06T00:12:24.146Z] [HTTP] GET /213beaf3-8acd-461e-9c74-2fd674431d81/conversation - 304 (639ms)
[2026-05-06T00:12:24.504Z] [HTTP] PUT /213beaf3-8acd-461e-9c74-2fd674431d81/read-all - 200 (275ms)
[2026-05-06T00:12:46.646Z] [HTTP] GET /profile - 304 (1679ms)
[2026-05-06T00:13:00.324Z] [INFO] 🔍 [PUBLIC] Maintenance check from ::1
[2026-05-06T00:13:00.325Z] [HTTP] GET /system/settings - 304 (2ms)
[2026-05-06T00:13:01.247Z] [HTTP] GET /users - 304 (916ms)
[2026-05-06T00:13:01.691Z] [HTTP] GET /users - 304 (427ms)
[2026-05-06T00:14:03.422Z] [INFO] 💚 Health: 228MB heap | 1h 5m uptime | 55 tracked errors
[2026-05-06T00:17:19.045Z] [HTTP] GET /97aa8433-0387-4ad7-8277-5e091c8367e2/conversation - 304 (3124ms)
[2026-05-06T00:17:46.292Z] [HTTP] PUT /97aa8433-0387-4ad7-8277-5e091c8367e2/read-all - 200 (923ms)
[2026-05-06T00:17:56.398Z] [INFO] 🔍 [PUBLIC] Maintenance check from ::1
[2026-05-06T00:17:56.544Z] [HTTP] GET /system/settings - 304 (383ms)
[2026-05-06T00:18:32.460Z] [HTTP] GET /users - 304 (12683ms)
[2026-05-06T00:18:32.782Z] [HTTP] GET /users - 304 (315ms)
[2026-05-06T00:18:39.043Z] [HTTP] GET / - 304 (1071ms)
[2026-05-06T00:18:45.546Z] [HTTP] GET / - 200 (3445ms)
[2026-05-06T00:19:03.441Z] [INFO] 💚 Health: 229MB heap | 1h 10m uptime | 58 tracked errors
[2026-05-06T00:24:03.493Z] [INFO] 💚 Health: 229MB heap | 1h 15m uptime | 58 tracked errors
[2026-05-06T00:27:56.799Z] [INFO] 🔍 [PUBLIC] Maintenance check from ::1
[2026-05-06T00:27:56.892Z] [HTTP] GET /system/settings - 304 (98ms)
[2026-05-06T00:27:58.532Z] [HTTP] GET /profile - 304 (2349ms)
[2026-05-06T00:27:58.545Z] [HTTP] GET /213beaf3-8acd-461e-9c74-2fd674431d81/conversation - 304 (1791ms)
[2026-05-06T00:27:59.644Z] [HTTP] PUT /213beaf3-8acd-461e-9c74-2fd674431d81/read-all - 200 (966ms)
[2026-05-06T00:28:01.261Z] [HTTP] GET /213beaf3-8acd-461e-9c74-2fd674431d81/conversation - 304 (697ms)
[2026-05-06T00:28:01.539Z] [HTTP] PUT /213beaf3-8acd-461e-9c74-2fd674431d81/read-all - 200 (246ms)
[2026-05-06T00:28:13.281Z] [HTTP] GET /213beaf3-8acd-461e-9c74-2fd674431d81/conversation - 304 (7701ms)
[2026-05-06T00:28:13.526Z] [HTTP] GET /profile - 304 (5806ms)
[2026-05-06T00:28:13.740Z] [HTTP] GET /213beaf3-8acd-461e-9c74-2fd674431d81/conversation - 304 (266ms)
[2026-05-06T00:28:14.666Z] [HTTP] PUT /213beaf3-8acd-461e-9c74-2fd674431d81/read-all - 200 (957ms)
[2026-05-06T00:28:15.647Z] [HTTP] PUT /213beaf3-8acd-461e-9c74-2fd674431d81/read-all - 200 (1049ms)
[2026-05-06T00:28:16.122Z] [HTTP] GET /213beaf3-8acd-461e-9c74-2fd674431d81/conversation - 304 (333ms)
[2026-05-06T00:28:16.394Z] [HTTP] PUT /213beaf3-8acd-461e-9c74-2fd674431d81/read-all - 200 (207ms)
[2026-05-06T00:28:18.547Z] [INFO] 📄 Truck document uploaded: 97aa8433-0387-4ad7-8277-5e091c8367e2/1778027287674-chat_doc.pdf by 97aa8433-0387-4ad7-8277-5e091c8367e2
[2026-05-06T00:28:18.595Z] [HTTP] POST /truck-document - 200 (11021ms)
[2026-05-06T00:28:18.932Z] [HTTP] POST / - 400 (124ms)
[2026-05-06T00:28:21.170Z] [HTTP] GET /213beaf3-8acd-461e-9c74-2fd674431d81/conversation - 304 (400ms)
[2026-05-06T00:28:21.389Z] [HTTP] PUT /213beaf3-8acd-461e-9c74-2fd674431d81/read-all - 200 (209ms)
[2026-05-06T00:28:26.161Z] [HTTP] GET /213beaf3-8acd-461e-9c74-2fd674431d81/conversation - 304 (356ms)
[2026-05-06T00:28:26.872Z] [HTTP] PUT /213beaf3-8acd-461e-9c74-2fd674431d81/read-all - 200 (483ms)
[2026-05-06T00:28:29.170Z] [HTTP] GET /profile - 304 (288ms)
[2026-05-06T00:28:32.855Z] [HTTP] GET /213beaf3-8acd-461e-9c74-2fd674431d81/conversation - 304 (268ms)
[2026-05-06T00:28:33.220Z] [HTTP] PUT /213beaf3-8acd-461e-9c74-2fd674431d81/read-all - 200 (337ms)
[2026-05-06T00:28:35.802Z] [HTTP] GET /213beaf3-8acd-461e-9c74-2fd674431d81/conversation - 304 (233ms)
[2026-05-06T00:28:36.057Z] [HTTP] PUT /213beaf3-8acd-461e-9c74-2fd674431d81/read-all - 200 (231ms)
[2026-05-06T00:28:43.750Z] [HTTP] GET /213beaf3-8acd-461e-9c74-2fd674431d81/conversation - 304 (330ms)
[2026-05-06T00:28:46.323Z] [HTTP] PUT /213beaf3-8acd-461e-9c74-2fd674431d81/read-all - 200 (760ms)
[2026-05-06T00:28:46.824Z] [HTTP] GET /213beaf3-8acd-461e-9c74-2fd674431d81/conversation - 304 (215ms)
[2026-05-06T00:28:53.108Z] [HTTP] PUT /213beaf3-8acd-461e-9c74-2fd674431d81/read-all - 200 (459ms)
[2026-05-06T00:28:58.376Z] [HTTP] GET /213beaf3-8acd-461e-9c74-2fd674431d81/conversation - 304 (555ms)
[2026-05-06T00:28:58.666Z] [HTTP] PUT /213beaf3-8acd-461e-9c74-2fd674431d81/read-all - 200 (278ms)
[2026-05-06T00:28:58.707Z] [HTTP] GET /profile - 304 (690ms)
[2026-05-06T00:29:00.797Z] [HTTP] GET /213beaf3-8acd-461e-9c74-2fd674431d81/conversation - 304 (238ms)
[2026-05-06T00:29:01.436Z] [HTTP] PUT /213beaf3-8acd-461e-9c74-2fd674431d81/read-all - 200 (216ms)
[2026-05-06T00:29:03.574Z] [INFO] 💚 Health: 230MB heap | 1h 20m uptime | 61 tracked errors
[2026-05-06T00:29:06.026Z] [HTTP] GET /213beaf3-8acd-461e-9c74-2fd674431d81/conversation - 304 (465ms)
[2026-05-06T00:29:06.999Z] [HTTP] POST / - 200 (242ms)
[2026-05-06T00:29:07.372Z] [HTTP] GET /213beaf3-8acd-461e-9c74-2fd674431d81/conversation - 200 (357ms)
[2026-05-06T00:29:07.432Z] [HTTP] PUT /213beaf3-8acd-461e-9c74-2fd674431d81/read-all - 200 (634ms)
[2026-05-06T00:29:07.484Z] [HTTP] GET / - 200 (471ms)
[2026-05-06T00:29:07.893Z] [HTTP] PUT /213beaf3-8acd-461e-9c74-2fd674431d81/read-all - 200 (501ms)
[2026-05-06T00:29:10.828Z] [HTTP] GET /213beaf3-8acd-461e-9c74-2fd674431d81/conversation - 304 (262ms)
[2026-05-06T00:29:11.376Z] [HTTP] PUT /213beaf3-8acd-461e-9c74-2fd674431d81/read-all - 200 (307ms)
[2026-05-06T00:29:15.954Z] [HTTP] GET /213beaf3-8acd-461e-9c74-2fd674431d81/conversation - 304 (337ms)
[2026-05-06T00:29:16.540Z] [HTTP] PUT /213beaf3-8acd-461e-9c74-2fd674431d81/read-all - 200 (218ms)
[2026-05-06T00:29:21.079Z] [HTTP] GET /213beaf3-8acd-461e-9c74-2fd674431d81/conversation - 304 (338ms)
[2026-05-06T00:29:21.342Z] [HTTP] PUT /213beaf3-8acd-461e-9c74-2fd674431d81/read-all - 200 (239ms)
[2026-05-06T00:29:25.962Z] [HTTP] GET /213beaf3-8acd-461e-9c74-2fd674431d81/conversation - 304 (412ms)
[2026-05-06T00:29:26.220Z] [HTTP] PUT /213beaf3-8acd-461e-9c74-2fd674431d81/read-all - 200 (231ms)
[2026-05-06T00:29:32.921Z] [HTTP] GET /213beaf3-8acd-461e-9c74-2fd674431d81/conversation - 304 (341ms)
[2026-05-06T00:29:33.369Z] [HTTP] PUT /213beaf3-8acd-461e-9c74-2fd674431d81/read-all - 200 (218ms)
[2026-05-06T00:29:35.777Z] [HTTP] GET /213beaf3-8acd-461e-9c74-2fd674431d81/conversation - 304 (209ms)
[2026-05-06T00:29:36.051Z] [HTTP] PUT /213beaf3-8acd-461e-9c74-2fd674431d81/read-all - 200 (230ms)
[2026-05-06T00:29:40.912Z] [HTTP] GET /213beaf3-8acd-461e-9c74-2fd674431d81/conversation - 304 (356ms)
[2026-05-06T00:29:41.252Z] [HTTP] PUT /213beaf3-8acd-461e-9c74-2fd674431d81/read-all - 200 (242ms)
[2026-05-06T00:29:45.931Z] [HTTP] GET /213beaf3-8acd-461e-9c74-2fd674431d81/conversation - 304 (378ms)
[2026-05-06T00:29:46.196Z] [HTTP] PUT /213beaf3-8acd-461e-9c74-2fd674431d81/read-all - 200 (255ms)
[2026-05-06T00:29:51.132Z] [HTTP] GET /213beaf3-8acd-461e-9c74-2fd674431d81/conversation - 304 (580ms)
[2026-05-06T00:29:51.835Z] [HTTP] PUT /213beaf3-8acd-461e-9c74-2fd674431d81/read-all - 200 (248ms)
[2026-05-06T00:29:55.781Z] [HTTP] GET /213beaf3-8acd-461e-9c74-2fd674431d81/conversation - 304 (222ms)
[2026-05-06T00:29:56.398Z] [HTTP] PUT /213beaf3-8acd-461e-9c74-2fd674431d81/read-all - 200 (589ms)
[2026-05-06T00:30:00.907Z] [HTTP] GET /213beaf3-8acd-461e-9c74-2fd674431d81/conversation - 304 (351ms)
[2026-05-06T00:30:01.150Z] [HTTP] PUT /213beaf3-8acd-461e-9c74-2fd674431d81/read-all - 200 (224ms)
[2026-05-06T00:30:05.992Z] [HTTP] GET /213beaf3-8acd-461e-9c74-2fd674431d81/conversation - 304 (426ms)
[2026-05-06T00:30:06.297Z] [HTTP] PUT /213beaf3-8acd-461e-9c74-2fd674431d81/read-all - 200 (236ms)
[2026-05-06T00:30:12.297Z] [HTTP] GET /213beaf3-8acd-461e-9c74-2fd674431d81/conversation - 304 (1714ms)
[2026-05-06T00:30:12.766Z] [HTTP] PUT /213beaf3-8acd-461e-9c74-2fd674431d81/read-all - 200 (431ms)
[2026-05-06T00:30:15.784Z] [HTTP] GET /213beaf3-8acd-461e-9c74-2fd674431d81/conversation - 304 (220ms)
[2026-05-06T00:30:16.844Z] [HTTP] PUT /213beaf3-8acd-461e-9c74-2fd674431d81/read-all - 200 (1044ms)
[2026-05-06T00:30:20.812Z] [HTTP] GET /213beaf3-8acd-461e-9c74-2fd674431d81/conversation - 304 (242ms)
[2026-05-06T00:30:21.765Z] [HTTP] PUT /213beaf3-8acd-461e-9c74-2fd674431d81/read-all - 200 (942ms)
[2026-05-06T00:30:25.873Z] [HTTP] GET /213beaf3-8acd-461e-9c74-2fd674431d81/conversation - 304 (229ms)
[2026-05-06T00:30:26.295Z] [HTTP] PUT /213beaf3-8acd-461e-9c74-2fd674431d81/read-all - 200 (247ms)
[2026-05-06T00:30:31.177Z] [HTTP] GET /213beaf3-8acd-461e-9c74-2fd674431d81/conversation - 304 (622ms)
[2026-05-06T00:30:31.409Z] [HTTP] PUT /213beaf3-8acd-461e-9c74-2fd674431d81/read-all - 200 (226ms)
[2026-05-06T00:31:00.347Z] [INFO] 🔌 Initializing Supabase...
[2026-05-06T00:31:00.350Z] [INFO] 📍 URL Present: true
[2026-05-06T00:31:00.351Z] [INFO] 🔑 Keys Present: true (service: true)
[2026-05-06T00:31:01.034Z] [INFO] ✅ Supabase connected and users table accessible
[2026-05-06T00:31:01.036Z] [INFO] ✅ Connected to Supabase PostgreSQL database
[2026-05-06T00:31:01.038Z] [INFO] ✅ Database connection established
[2026-05-06T00:31:01.046Z] [INFO] 🔌 Socket.IO initialized with namespaces: /tracking, /chat, /notifications
[2026-05-06T00:31:01.047Z] [INFO] ✅ Socket.IO initialized
[2026-05-06T00:31:10.630Z] [INFO] 🔍 [PUBLIC] Maintenance check from ::1
[2026-05-06T00:31:10.638Z] [HTTP] GET /system/settings - 304 (9ms)
[2026-05-06T00:31:11.515Z] [HTTP] GET / - 304 (578ms)
[2026-05-06T00:31:11.983Z] [HTTP] GET / - 304 (451ms)
[2026-05-06T00:31:19.025Z] [HTTP] GET /213beaf3-8acd-461e-9c74-2fd674431d81/conversation - 304 (306ms)
[2026-05-06T00:31:19.642Z] [HTTP] PUT /213beaf3-8acd-461e-9c74-2fd674431d81/read-all - 200 (575ms)
[2026-05-06T00:31:23.850Z] [HTTP] GET /213beaf3-8acd-461e-9c74-2fd674431d81/conversation - 304 (220ms)
[2026-05-06T00:31:24.085Z] [HTTP] PUT /213beaf3-8acd-461e-9c74-2fd674431d81/read-all - 200 (227ms)
[2026-05-06T00:31:28.974Z] [HTTP] GET /213beaf3-8acd-461e-9c74-2fd674431d81/conversation - 304 (347ms)
[2026-05-06T00:31:29.211Z] [HTTP] PUT /213beaf3-8acd-461e-9c74-2fd674431d81/read-all - 200 (219ms)
[2026-05-06T00:31:33.985Z] [HTTP] GET /213beaf3-8acd-461e-9c74-2fd674431d81/conversation - 304 (349ms)
[2026-05-06T00:31:34.606Z] [HTTP] PUT /213beaf3-8acd-461e-9c74-2fd674431d81/read-all - 200 (604ms)
[2026-05-06T00:31:38.998Z] [HTTP] GET /213beaf3-8acd-461e-9c74-2fd674431d81/conversation - 304 (369ms)
[2026-05-06T00:31:39.276Z] [HTTP] PUT /213beaf3-8acd-461e-9c74-2fd674431d81/read-all - 200 (263ms)
[2026-05-06T00:31:43.353Z] [HTTP] GET /profile - 304 (222ms)
[2026-05-06T00:31:43.957Z] [HTTP] GET /213beaf3-8acd-461e-9c74-2fd674431d81/conversation - 304 (232ms)
[2026-05-06T00:31:44.329Z] [HTTP] PUT /213beaf3-8acd-461e-9c74-2fd674431d81/read-all - 200 (209ms)
[2026-05-06T00:31:48.845Z] [HTTP] GET /profile - 304 (356ms)
[2026-05-06T00:31:48.963Z] [HTTP] GET /213beaf3-8acd-461e-9c74-2fd674431d81/conversation - 304 (331ms)
[2026-05-06T00:31:49.217Z] [HTTP] PUT /213beaf3-8acd-461e-9c74-2fd674431d81/read-all - 200 (248ms)
[2026-05-06T00:31:53.852Z] [INFO] 🔍 [PUBLIC] Maintenance check from ::1
[2026-05-06T00:31:53.854Z] [HTTP] GET /system/settings - 304 (3ms)
[2026-05-06T00:31:54.107Z] [HTTP] GET /213beaf3-8acd-461e-9c74-2fd674431d81/conversation - 304 (326ms)
[2026-05-06T00:31:54.746Z] [HTTP] GET /profile - 304 (223ms)
[2026-05-06T00:31:54.983Z] [HTTP] PUT /213beaf3-8acd-461e-9c74-2fd674431d81/read-all - 200 (300ms)
[2026-05-06T00:31:58.006Z] [HTTP] GET /profile - 304 (238ms)
[2026-05-06T00:31:58.867Z] [HTTP] GET /213beaf3-8acd-461e-9c74-2fd674431d81/conversation - 304 (217ms)
[2026-05-06T00:31:59.110Z] [HTTP] PUT /213beaf3-8acd-461e-9c74-2fd674431d81/read-all - 200 (231ms)
[2026-05-06T00:32:04.051Z] [HTTP] GET /213beaf3-8acd-461e-9c74-2fd674431d81/conversation - 304 (417ms)
[2026-05-06T00:32:04.292Z] [HTTP] PUT /213beaf3-8acd-461e-9c74-2fd674431d81/read-all - 200 (218ms)
[2026-05-06T00:32:08.953Z] [HTTP] GET /213beaf3-8acd-461e-9c74-2fd674431d81/conversation - 304 (318ms)
[2026-05-06T00:32:09.252Z] [HTTP] PUT /213beaf3-8acd-461e-9c74-2fd674431d81/read-all - 200 (251ms)
[2026-05-06T00:32:11.169Z] [INFO] 🔍 [PUBLIC] Maintenance check from ::1
[2026-05-06T00:32:11.170Z] [HTTP] GET /system/settings - 304 (2ms)
[2026-05-06T00:32:11.983Z] [HTTP] GET / - 200 (795ms)
[2026-05-06T00:32:12.436Z] [HTTP] GET / - 304 (440ms)
[2026-05-06T00:32:13.871Z] [HTTP] GET /213beaf3-8acd-461e-9c74-2fd674431d81/conversation - 304 (231ms)
[2026-05-06T00:32:14.136Z] [HTTP] PUT /213beaf3-8acd-461e-9c74-2fd674431d81/read-all - 200 (252ms)
[2026-05-06T00:32:18.979Z] [HTTP] GET /213beaf3-8acd-461e-9c74-2fd674431d81/conversation - 304 (341ms)
[2026-05-06T00:32:19.620Z] [HTTP] PUT /213beaf3-8acd-461e-9c74-2fd674431d81/read-all - 200 (580ms)
[2026-05-06T00:32:20.792Z] [HTTP] GET /profile - 304 (214ms)
[2026-05-06T00:32:23.858Z] [HTTP] GET /213beaf3-8acd-461e-9c74-2fd674431d81/conversation - 304 (221ms)
[2026-05-06T00:32:24.141Z] [HTTP] PUT /213beaf3-8acd-461e-9c74-2fd674431d81/read-all - 200 (265ms)
[2026-05-06T00:32:27.071Z] [HTTP] GET /profile - 304 (239ms)
[2026-05-06T00:32:29.140Z] [HTTP] GET /213beaf3-8acd-461e-9c74-2fd674431d81/conversation - 304 (223ms)
[2026-05-06T00:32:29.399Z] [WARN] Auth middleware error:
"Authorization header missing"
[2026-05-06T00:32:29.408Z] [HTTP] POST /logout - 401 (15ms)
[2026-05-06T00:32:29.436Z] [HTTP] PUT /213beaf3-8acd-461e-9c74-2fd674431d81/read-all - 200 (231ms)
[2026-05-06T00:32:34.541Z] [HTTP] GET /213beaf3-8acd-461e-9c74-2fd674431d81/conversation - 304 (402ms)
[2026-05-06T00:32:35.049Z] [HTTP] PUT /213beaf3-8acd-461e-9c74-2fd674431d81/read-all - 200 (217ms)
[2026-05-06T00:32:39.451Z] [HTTP] GET /213beaf3-8acd-461e-9c74-2fd674431d81/conversation - 304 (318ms)
[2026-05-06T00:32:39.728Z] [HTTP] PUT /213beaf3-8acd-461e-9c74-2fd674431d81/read-all - 200 (251ms)
[2026-05-06T00:32:44.498Z] [HTTP] GET /213beaf3-8acd-461e-9c74-2fd674431d81/conversation - 304 (381ms)
[2026-05-06T00:32:44.953Z] [HTTP] PUT /213beaf3-8acd-461e-9c74-2fd674431d81/read-all - 200 (231ms)
[2026-05-06T00:32:45.312Z] [INFO] 🔐 Login attempt: abdullah.tauqeer.chh@gmail.com
[2026-05-06T00:32:45.891Z] [INFO] ✅ User logged in: abdullah.tauqeer.chh@gmail.com
[2026-05-06T00:32:45.932Z] [HTTP] POST /login - 200 (749ms)
[2026-05-06T00:32:46.957Z] [HTTP] GET /trucks - 200 (245ms)
[2026-05-06T00:32:47.082Z] [HTTP] GET /shipments - 304 (319ms)
[2026-05-06T00:32:47.231Z] [HTTP] GET /trucks - 304 (242ms)
[2026-05-06T00:32:47.295Z] [WARN] ⚠️ Unauthorized access attempt by abdullah.tauqeer.chh@gmail.com (fleet_owner)
[2026-05-06T00:32:47.325Z] [HTTP] GET / - 403 (33ms)
[2026-05-06T00:32:47.797Z] [HTTP] GET /shipments - 304 (579ms)
[2026-05-06T00:32:47.830Z] [WARN] ⚠️ Unauthorized access attempt by abdullah.tauqeer.chh@gmail.com (fleet_owner)
[2026-05-06T00:32:47.839Z] [HTTP] GET / - 403 (10ms)
[2026-05-06T00:32:49.735Z] [HTTP] GET /profile - 200 (237ms)
[2026-05-06T00:32:50.019Z] [HTTP] GET /trucks - 304 (211ms)
[2026-05-06T00:32:50.033Z] [HTTP] GET /shipments - 304 (224ms)
[2026-05-06T00:32:50.043Z] [WARN] ⚠️ Unauthorized access attempt by abdullah.tauqeer.chh@gmail.com (fleet_owner)
[2026-05-06T00:32:50.045Z] [HTTP] GET / - 403 (3ms)
[2026-05-06T00:32:50.247Z] [HTTP] GET /213beaf3-8acd-461e-9c74-2fd674431d81/conversation - 304 (324ms)
[2026-05-06T00:32:50.618Z] [HTTP] PUT /213beaf3-8acd-461e-9c74-2fd674431d81/read-all - 200 (236ms)
[2026-05-06T00:32:51.198Z] [WARN] Auth middleware error:
"Authorization header missing"
[2026-05-06T00:32:51.209Z] [HTTP] POST /logout - 401 (11ms)
[2026-05-06T00:32:54.594Z] [HTTP] GET /213beaf3-8acd-461e-9c74-2fd674431d81/conversation - 304 (249ms)
[2026-05-06T00:32:54.946Z] [HTTP] PUT /213beaf3-8acd-461e-9c74-2fd674431d81/read-all - 200 (213ms)
[2026-05-06T00:32:58.509Z] [HTTP] GET /profile - 304 (216ms)
[2026-05-06T00:32:58.871Z] [HTTP] GET /213beaf3-8acd-461e-9c74-2fd674431d81/conversation - 304 (214ms)
[2026-05-06T00:32:59.161Z] [HTTP] PUT /213beaf3-8acd-461e-9c74-2fd674431d81/read-all - 200 (237ms)
[2026-05-06T00:33:00.622Z] [HTTP] GET /profile - 304 (219ms)
[2026-05-06T00:33:06.320Z] [HTTP] GET /213beaf3-8acd-461e-9c74-2fd674431d81/conversation - 304 (471ms)
[2026-05-06T00:33:06.688Z] [HTTP] PUT /213beaf3-8acd-461e-9c74-2fd674431d81/read-all - 200 (209ms)
[2026-05-06T00:33:11.868Z] [HTTP] GET /213beaf3-8acd-461e-9c74-2fd674431d81/conversation - 304 (328ms)
[2026-05-06T00:33:12.526Z] [HTTP] PUT /213beaf3-8acd-461e-9c74-2fd674431d81/read-all - 200 (231ms)
[2026-05-06T00:33:15.027Z] [HTTP] GET /213beaf3-8acd-461e-9c74-2fd674431d81/conversation - 304 (223ms)
[2026-05-06T00:33:15.323Z] [HTTP] PUT /213beaf3-8acd-461e-9c74-2fd674431d81/read-all - 200 (212ms)
[2026-05-06T00:33:18.896Z] [INFO] 🔐 Login attempt: customer@gmail.com
[2026-05-06T00:33:19.151Z] [WARN] ⚠️ User not found: customer@gmail.com
[2026-05-06T00:33:19.155Z] [ERROR] Login error:
{
  "statusCode": 401,
  "code": "INVALID_CREDENTIALS"
}
[2026-05-06T00:33:19.193Z] [HTTP] POST /login - 401 (298ms)
[2026-05-06T00:33:19.693Z] [HTTP] GET /213beaf3-8acd-461e-9c74-2fd674431d81/conversation - 304 (204ms)
[2026-05-06T00:33:20.015Z] [HTTP] PUT /213beaf3-8acd-461e-9c74-2fd674431d81/read-all - 200 (230ms)
[2026-05-06T00:33:22.685Z] [HTTP] GET /profile - 304 (231ms)
[2026-05-06T00:33:25.631Z] [HTTP] GET /213beaf3-8acd-461e-9c74-2fd674431d81/conversation - 304 (209ms)
[2026-05-06T00:33:25.882Z] [HTTP] PUT /213beaf3-8acd-461e-9c74-2fd674431d81/read-all - 200 (226ms)
[2026-05-06T00:33:29.170Z] [INFO] 🔍 [PUBLIC] Maintenance check from ::1
[2026-05-06T00:33:29.172Z] [HTTP] GET /system/settings - 304 (2ms)
[2026-05-06T00:33:30.931Z] [HTTP] GET /213beaf3-8acd-461e-9c74-2fd674431d81/conversation - 304 (328ms)
[2026-05-06T00:33:31.215Z] [HTTP] PUT /213beaf3-8acd-461e-9c74-2fd674431d81/read-all - 200 (225ms)
[2026-05-06T00:33:32.741Z] [HTTP] GET /users - 304 (219ms)
[2026-05-06T00:33:32.993Z] [HTTP] GET /users - 304 (216ms)
[2026-05-06T00:33:36.424Z] [HTTP] GET /213beaf3-8acd-461e-9c74-2fd674431d81/conversation - 304 (224ms)
[2026-05-06T00:33:37.224Z] [HTTP] PUT /213beaf3-8acd-461e-9c74-2fd674431d81/read-all - 200 (600ms)
[2026-05-06T00:33:39.870Z] [HTTP] GET /213beaf3-8acd-461e-9c74-2fd674431d81/conversation - 304 (229ms)
[2026-05-06T00:33:40.753Z] [HTTP] PUT /213beaf3-8acd-461e-9c74-2fd674431d81/read-all - 200 (626ms)
[2026-05-06T00:33:44.586Z] [INFO] 🔐 Login attempt: moiz@gmail.com
[2026-05-06T00:33:45.214Z] [INFO] ✅ User logged in: moiz@gmail.com
[2026-05-06T00:33:45.217Z] [HTTP] POST /login - 200 (632ms)
[2026-05-06T00:33:46.561Z] [HTTP] GET /213beaf3-8acd-461e-9c74-2fd674431d81/conversation - 304 (224ms)
[2026-05-06T00:33:47.547Z] [HTTP] PUT /213beaf3-8acd-461e-9c74-2fd674431d81/read-all - 200 (691ms)
[2026-05-06T00:33:48.396Z] [HTTP] GET /profile - 200 (273ms)
[2026-05-06T00:33:56.285Z] [HTTP] GET /213beaf3-8acd-461e-9c74-2fd674431d81/conversation - 304 (324ms)
[2026-05-06T00:33:56.796Z] [HTTP] GET /213beaf3-8acd-461e-9c74-2fd674431d81/conversation - 304 (239ms)
[2026-05-06T00:33:58.682Z] [HTTP] PUT /213beaf3-8acd-461e-9c74-2fd674431d81/read-all - 200 (447ms)
[2026-05-06T00:33:58.703Z] [HTTP] PUT /213beaf3-8acd-461e-9c74-2fd674431d81/read-all - 200 (475ms)
[2026-05-06T00:33:59.548Z] [HTTP] GET /213beaf3-8acd-461e-9c74-2fd674431d81/conversation - 304 (221ms)
[2026-05-06T00:33:59.779Z] [HTTP] PUT /213beaf3-8acd-461e-9c74-2fd674431d81/read-all - 200 (211ms)
[2026-05-06T00:34:03.500Z] [INFO] 💚 Health: 236MB heap | 1h 25m uptime | 61 tracked errors
[2026-05-06T00:34:07.836Z] [HTTP] GET /213beaf3-8acd-461e-9c74-2fd674431d81/conversation - 304 (357ms)
[2026-05-06T00:34:09.419Z] [HTTP] GET /213beaf3-8acd-461e-9c74-2fd674431d81/conversation - 304 (451ms)
[2026-05-06T00:34:10.080Z] [HTTP] PUT /213beaf3-8acd-461e-9c74-2fd674431d81/read-all - 200 (447ms)
[2026-05-06T00:34:10.558Z] [HTTP] PUT /213beaf3-8acd-461e-9c74-2fd674431d81/read-all - 200 (1505ms)
[2026-05-06T00:34:15.760Z] [HTTP] GET /213beaf3-8acd-461e-9c74-2fd674431d81/conversation - 304 (1359ms)
[2026-05-06T00:34:17.528Z] [HTTP] PUT /213beaf3-8acd-461e-9c74-2fd674431d81/read-all - 200 (1727ms)
[2026-05-06T00:34:19.711Z] [HTTP] GET /213beaf3-8acd-461e-9c74-2fd674431d81/conversation - 304 (466ms)
[2026-05-06T00:34:20.117Z] [HTTP] PUT /213beaf3-8acd-461e-9c74-2fd674431d81/read-all - 200 (384ms)
[2026-05-06T00:34:27.807Z] [HTTP] GET /213beaf3-8acd-461e-9c74-2fd674431d81/conversation - 304 (473ms)
[2026-05-06T00:34:28.686Z] [HTTP] PUT /213beaf3-8acd-461e-9c74-2fd674431d81/read-all - 200 (587ms)
[2026-05-06T00:34:44.517Z] [HTTP] GET /213beaf3-8acd-461e-9c74-2fd674431d81/conversation - 304 (392ms)
[2026-05-06T00:34:44.800Z] [HTTP] PUT /213beaf3-8acd-461e-9c74-2fd674431d81/read-all - 200 (223ms)
[2026-05-06T00:35:45.447Z] [HTTP] GET /213beaf3-8acd-461e-9c74-2fd674431d81/conversation - 304 (1136ms)
[2026-05-06T00:35:45.720Z] [HTTP] PUT /213beaf3-8acd-461e-9c74-2fd674431d81/read-all - 200 (244ms)
[2026-05-06T00:36:13.863Z] [HTTP] GET /profile - 304 (1448ms)
[2026-05-06T00:36:24.527Z] [HTTP] GET / - 304 (616ms)
[2026-05-06T00:36:26.073Z] [INFO] 🔍 [PUBLIC] Maintenance check from ::1
[2026-05-06T00:36:26.082Z] [HTTP] GET /system/settings - 304 (10ms)
[2026-05-06T00:36:26.757Z] [HTTP] GET /profile - 304 (222ms)
[2026-05-06T00:36:29.307Z] [HTTP] GET /213beaf3-8acd-461e-9c74-2fd674431d81/conversation - 304 (255ms)
[2026-05-06T00:36:30.212Z] [HTTP] PUT /213beaf3-8acd-461e-9c74-2fd674431d81/read-all - 200 (893ms)
[2026-05-06T00:36:34.351Z] [HTTP] GET /213beaf3-8acd-461e-9c74-2fd674431d81/conversation - 304 (333ms)
[2026-05-06T00:36:35.318Z] [HTTP] PUT /213beaf3-8acd-461e-9c74-2fd674431d81/read-all - 200 (224ms)
[2026-05-06T00:36:37.475Z] [HTTP] GET /profile - 304 (653ms)
[2026-05-06T00:36:39.378Z] [HTTP] GET /213beaf3-8acd-461e-9c74-2fd674431d81/conversation - 304 (246ms)
[2026-05-06T00:36:39.658Z] [HTTP] PUT /213beaf3-8acd-461e-9c74-2fd674431d81/read-all - 200 (245ms)
[2026-05-06T00:36:44.672Z] [HTTP] GET /213beaf3-8acd-461e-9c74-2fd674431d81/conversation - 304 (507ms)
[2026-05-06T00:36:44.922Z] [HTTP] PUT /213beaf3-8acd-461e-9c74-2fd674431d81/read-all - 200 (212ms)
[2026-05-06T00:36:49.750Z] [HTTP] GET /213beaf3-8acd-461e-9c74-2fd674431d81/conversation - 304 (307ms)
[2026-05-06T00:36:50.319Z] [HTTP] PUT /213beaf3-8acd-461e-9c74-2fd674431d81/read-all - 200 (311ms)
[2026-05-06T00:36:51.534Z] [HTTP] GET /profile - 304 (208ms)
[2026-05-06T00:36:54.225Z] [HTTP] GET /213beaf3-8acd-461e-9c74-2fd674431d81/conversation - 304 (233ms)
[2026-05-06T00:36:54.476Z] [HTTP] PUT /213beaf3-8acd-461e-9c74-2fd674431d81/read-all - 200 (234ms)
[2026-05-06T00:37:20.546Z] [INFO] 🔍 [PUBLIC] Maintenance check from ::1
[2026-05-06T00:37:20.619Z] [HTTP] GET /system/settings - 304 (82ms)
[2026-05-06T00:37:21.537Z] [HTTP] GET /profile - 304 (582ms)
[2026-05-06T00:37:41.994Z] [HTTP] GET /profile - 304 (317ms)
[2026-05-06T00:37:48.238Z] [INFO] 🔍 [PUBLIC] Maintenance check from ::1
[2026-05-06T00:37:48.240Z] [HTTP] GET /system/settings - 304 (3ms)
[2026-05-06T00:38:36.933Z] [HTTP] GET /profile - 200 (617ms)
[2026-05-06T00:38:55.769Z] [HTTP] GET /profile - 304 (685ms)
[2026-05-06T00:38:57.198Z] [HTTP] GET /shipments - 200 (287ms)
[2026-05-06T00:38:57.429Z] [HTTP] GET /shipments - 304 (219ms)
[2026-05-06T00:39:03.497Z] [INFO] 💚 Health: 224MB heap | 1h 30m uptime | 61 tracked errors
[2026-05-06T00:39:05.651Z] [HTTP] GET /shipments/a21b238c-d07c-49da-a645-f356afd95ded - 200 (483ms)
[2026-05-06T00:39:05.896Z] [HTTP] GET /shipments/a21b238c-d07c-49da-a645-f356afd95ded - 304 (228ms)
[2026-05-06T00:39:06.026Z] [HTTP] GET /trips/by-shipment - 404 (336ms)
[2026-05-06T00:39:06.285Z] [HTTP] GET /trips/by-shipment - 404 (248ms)
[2026-05-06T00:39:15.513Z] [HTTP] GET /shipments - 304 (377ms)
[2026-05-06T00:39:15.564Z] [HTTP] GET /wallet - 200 (9ms)
[2026-05-06T00:39:15.751Z] [HTTP] GET /shipments - 304 (221ms)
[2026-05-06T00:39:15.763Z] [HTTP] GET /wallet - 304 (1ms)
[2026-05-06T00:43:45.473Z] [INFO] 💰 Price calculated: PKR 60548 (base=2500, dist=42000, surge=0, GST=8700)
[2026-05-06T00:43:45.516Z] [HTTP] POST /pricing/calculate - 200 (212ms)
[2026-05-06T00:43:45.530Z] [INFO] 💰 Price calculated: PKR 60548 (base=2500, dist=42000, surge=0, GST=8700)
[2026-05-06T00:43:45.537Z] [HTTP] POST /pricing/calculate - 200 (11ms)
[2026-05-06T00:43:54.324Z] [INFO] 🔍 [PUBLIC] Maintenance check from ::1
[2026-05-06T00:43:54.331Z] [HTTP] GET /system/settings - 304 (12ms)
[2026-05-06T00:43:56.410Z] [HTTP] GET /profile - 304 (1646ms)
[2026-05-06T00:44:03.581Z] [INFO] 💚 Health: 225MB heap | 1h 35m uptime | 61 tracked errors
[2026-05-06T00:44:04.049Z] [INFO] 💰 Price calculated: PKR 96601 (base=5000, dist=66000, surge=0, GST=13881)
[2026-05-06T00:44:04.066Z] [HTTP] POST /pricing/calculate - 200 (19ms)
[2026-05-06T00:44:06.287Z] [INFO] 💰 Price calculated: PKR 60548 (base=2500, dist=42000, surge=0, GST=8700)
[2026-05-06T00:44:06.293Z] [HTTP] POST /pricing/calculate - 200 (6ms)
[2026-05-06T00:44:51.442Z] [ERROR] 🚨 [MONITOR] booking_date.getHours is not a function
{
  "url": "/api/services/pricing/calculate",
  "method": "POST",
  "userId": "3744e34e-7910-45ec-86de-827ba97874fd",
  "ip": "::1",
  "userAgent": "Mozilla/5.0 (Windows NT 10.0; Win64; x64) AppleWebKit/537.36 (KHTML, like Gecko) Chrome/147.0.0.0 Safari/537.36"
}
[2026-05-06T00:44:51.509Z] [ERROR] 500 INTERNAL_ERROR:
{}
[2026-05-06T00:44:51.540Z] [HTTP] POST /api/services/pricing/calculate - 500 (391ms)
[2026-05-06T00:44:59.453Z] [ERROR] 🚨 [MONITOR] booking_date.getHours is not a function
{
  "url": "/api/services/pricing/calculate",
  "method": "POST",
  "userId": "3744e34e-7910-45ec-86de-827ba97874fd",
  "ip": "::1",
  "userAgent": "Mozilla/5.0 (Windows NT 10.0; Win64; x64) AppleWebKit/537.36 (KHTML, like Gecko) Chrome/147.0.0.0 Safari/537.36"
}
[2026-05-06T00:44:59.461Z] [ERROR] 500 INTERNAL_ERROR:
{}
[2026-05-06T00:44:59.468Z] [HTTP] POST /api/services/pricing/calculate - 500 (37ms)
[2026-05-06T00:45:07.646Z] [ERROR] 🚨 [MONITOR] booking_date.getHours is not a function
{
  "url": "/api/services/pricing/calculate",
  "method": "POST",
  "userId": "3744e34e-7910-45ec-86de-827ba97874fd",
  "ip": "::1",
  "userAgent": "Mozilla/5.0 (Windows NT 10.0; Win64; x64) AppleWebKit/537.36 (KHTML, like Gecko) Chrome/147.0.0.0 Safari/537.36"
}
[2026-05-06T00:45:07.652Z] [ERROR] 500 INTERNAL_ERROR:
{}
[2026-05-06T00:45:07.654Z] [HTTP] POST /api/services/pricing/calculate - 500 (14ms)
[2026-05-06T00:45:08.570Z] [ERROR] 🚨 [MONITOR] booking_date.getHours is not a function
{
  "url": "/api/services/pricing/calculate",
  "method": "POST",
  "userId": "3744e34e-7910-45ec-86de-827ba97874fd",
  "ip": "::1",
  "userAgent": "Mozilla/5.0 (Windows NT 10.0; Win64; x64) AppleWebKit/537.36 (KHTML, like Gecko) Chrome/147.0.0.0 Safari/537.36"
}
[2026-05-06T00:45:08.574Z] [ERROR] 500 INTERNAL_ERROR:
{}
[2026-05-06T00:45:08.579Z] [HTTP] POST /api/services/pricing/calculate - 500 (14ms)
[2026-05-06T00:45:11.978Z] [ERROR] 🚨 [MONITOR] booking_date.getHours is not a function
{
  "url": "/api/services/pricing/calculate",
  "method": "POST",
  "userId": "3744e34e-7910-45ec-86de-827ba97874fd",
  "ip": "::1",
  "userAgent": "Mozilla/5.0 (Windows NT 10.0; Win64; x64) AppleWebKit/537.36 (KHTML, like Gecko) Chrome/147.0.0.0 Safari/537.36"
}
[2026-05-06T00:45:11.987Z] [ERROR] 500 INTERNAL_ERROR:
{}
[2026-05-06T00:45:11.994Z] [HTTP] POST /api/services/pricing/calculate - 500 (19ms)
[2026-05-06T00:45:13.382Z] [ERROR] 🚨 [MONITOR] booking_date.getHours is not a function
{
  "url": "/api/services/pricing/calculate",
  "method": "POST",
  "userId": "3744e34e-7910-45ec-86de-827ba97874fd",
  "ip": "::1",
  "userAgent": "Mozilla/5.0 (Windows NT 10.0; Win64; x64) AppleWebKit/537.36 (KHTML, like Gecko) Chrome/147.0.0.0 Safari/537.36"
}
[2026-05-06T00:45:13.386Z] [ERROR] 500 INTERNAL_ERROR:
{}
[2026-05-06T00:45:13.391Z] [HTTP] POST /api/services/pricing/calculate - 500 (12ms)
[2026-05-06T00:45:13.901Z] [ERROR] 🚨 [MONITOR] booking_date.getHours is not a function
{
  "url": "/api/services/pricing/calculate",
  "method": "POST",
  "userId": "3744e34e-7910-45ec-86de-827ba97874fd",
  "ip": "::1",
  "userAgent": "Mozilla/5.0 (Windows NT 10.0; Win64; x64) AppleWebKit/537.36 (KHTML, like Gecko) Chrome/147.0.0.0 Safari/537.36"
}
[2026-05-06T00:45:13.909Z] [ERROR] 500 INTERNAL_ERROR:
{}
[2026-05-06T00:45:13.917Z] [HTTP] POST /api/services/pricing/calculate - 500 (18ms)
[2026-05-06T00:45:14.512Z] [ERROR] 🚨 [MONITOR] booking_date.getHours is not a function
{
  "url": "/api/services/pricing/calculate",
  "method": "POST",
  "userId": "3744e34e-7910-45ec-86de-827ba97874fd",
  "ip": "::1",
  "userAgent": "Mozilla/5.0 (Windows NT 10.0; Win64; x64) AppleWebKit/537.36 (KHTML, like Gecko) Chrome/147.0.0.0 Safari/537.36"
}
[2026-05-06T00:45:14.515Z] [ERROR] 500 INTERNAL_ERROR:
{}
[2026-05-06T00:45:14.520Z] [HTTP] POST /api/services/pricing/calculate - 500 (13ms)
[2026-05-06T00:45:14.720Z] [ERROR] 🚨 [MONITOR] booking_date.getHours is not a function
{
  "url": "/api/services/pricing/calculate",
  "method": "POST",
  "userId": "3744e34e-7910-45ec-86de-827ba97874fd",
  "ip": "::1",
  "userAgent": "Mozilla/5.0 (Windows NT 10.0; Win64; x64) AppleWebKit/537.36 (KHTML, like Gecko) Chrome/147.0.0.0 Safari/537.36"
}
[2026-05-06T00:45:14.725Z] [ERROR] 500 INTERNAL_ERROR:
{}
[2026-05-06T00:45:14.729Z] [HTTP] POST /api/services/pricing/calculate - 500 (12ms)
[2026-05-06T00:45:14.890Z] [ERROR] 🚨 [MONITOR] booking_date.getHours is not a function
{
  "url": "/api/services/pricing/calculate",
  "method": "POST",
  "userId": "3744e34e-7910-45ec-86de-827ba97874fd",
  "ip": "::1",
  "userAgent": "Mozilla/5.0 (Windows NT 10.0; Win64; x64) AppleWebKit/537.36 (KHTML, like Gecko) Chrome/147.0.0.0 Safari/537.36"
}
[2026-05-06T00:45:14.896Z] [ERROR] 500 INTERNAL_ERROR:
{}
[2026-05-06T00:45:14.902Z] [HTTP] POST /api/services/pricing/calculate - 500 (15ms)
[2026-05-06T00:45:19.904Z] [ERROR] 🚨 [MONITOR] booking_date.getHours is not a function
{
  "url": "/api/services/pricing/calculate",
  "method": "POST",
  "userId": "3744e34e-7910-45ec-86de-827ba97874fd",
  "ip": "::1",
  "userAgent": "Mozilla/5.0 (Windows NT 10.0; Win64; x64) AppleWebKit/537.36 (KHTML, like Gecko) Chrome/147.0.0.0 Safari/537.36"
}
[2026-05-06T00:45:19.913Z] [ERROR] 500 INTERNAL_ERROR:
{}
[2026-05-06T00:45:19.926Z] [HTTP] POST /api/services/pricing/calculate - 500 (24ms)
[2026-05-06T00:45:20.617Z] [ERROR] 🚨 [MONITOR] booking_date.getHours is not a function
{
  "url": "/api/services/pricing/calculate",
  "method": "POST",
  "userId": "3744e34e-7910-45ec-86de-827ba97874fd",
  "ip": "::1",
  "userAgent": "Mozilla/5.0 (Windows NT 10.0; Win64; x64) AppleWebKit/537.36 (KHTML, like Gecko) Chrome/147.0.0.0 Safari/537.36"
}
[2026-05-06T00:45:20.627Z] [ERROR] 500 INTERNAL_ERROR:
{}
[2026-05-06T00:45:20.645Z] [HTTP] POST /api/services/pricing/calculate - 500 (29ms)
[2026-05-06T00:45:21.265Z] [ERROR] 🚨 [MONITOR] booking_date.getHours is not a function
{
  "url": "/api/services/pricing/calculate",
  "method": "POST",
  "userId": "3744e34e-7910-45ec-86de-827ba97874fd",
  "ip": "::1",
  "userAgent": "Mozilla/5.0 (Windows NT 10.0; Win64; x64) AppleWebKit/537.36 (KHTML, like Gecko) Chrome/147.0.0.0 Safari/537.36"
}
[2026-05-06T00:45:21.272Z] [ERROR] 500 INTERNAL_ERROR:
{}
[2026-05-06T00:45:21.276Z] [HTTP] POST /api/services/pricing/calculate - 500 (12ms)
[2026-05-06T00:45:24.842Z] [ERROR] 🚨 [MONITOR] booking_date.getHours is not a function
{
  "url": "/api/services/pricing/calculate",
  "method": "POST",
  "userId": "3744e34e-7910-45ec-86de-827ba97874fd",
  "ip": "::1",
  "userAgent": "Mozilla/5.0 (Windows NT 10.0; Win64; x64) AppleWebKit/537.36 (KHTML, like Gecko) Chrome/147.0.0.0 Safari/537.36"
}
[2026-05-06T00:45:24.853Z] [ERROR] 500 INTERNAL_ERROR:
{}
[2026-05-06T00:45:24.859Z] [HTTP] POST /api/services/pricing/calculate - 500 (20ms)
[2026-05-06T00:48:45.765Z] [INFO] 🔍 [PUBLIC] Maintenance check from ::1
[2026-05-06T00:48:45.778Z] [HTTP] GET /system/settings - 304 (37ms)
[2026-05-06T00:48:46.953Z] [HTTP] GET /profile - 304 (1050ms)
[2026-05-06T00:48:49.264Z] [HTTP] GET /profile - 304 (251ms)
[2026-05-06T00:48:54.638Z] [HTTP] GET /profile - 304 (495ms)
[2026-05-06T00:48:57.106Z] [INFO] 🔍 [PUBLIC] Maintenance check from ::1
[2026-05-06T00:48:57.109Z] [HTTP] GET /system/settings - 304 (4ms)
[2026-05-06T00:49:00.391Z] [HTTP] GET /trucks - 304 (621ms)
[2026-05-06T00:49:00.627Z] [HTTP] GET /trucks - 304 (219ms)
[2026-05-06T00:49:03.522Z] [INFO] 💚 Health: 226MB heap | 1h 40m uptime | 75 tracked errors
[2026-05-06T00:49:05.706Z] [INFO] 🔍 [PUBLIC] Maintenance check from ::1
[2026-05-06T00:49:05.739Z] [HTTP] GET /system/settings - 304 (34ms)
[2026-05-06T00:49:05.962Z] [HTTP] GET /trucks - 304 (340ms)
[2026-05-06T00:49:08.427Z] [HTTP] GET /profile - 304 (306ms)
[2026-05-06T00:49:10.611Z] [HTTP] GET /trucks - 200 (235ms)
[2026-05-06T00:49:10.860Z] [HTTP] GET /trucks - 304 (236ms)
[2026-05-06T00:49:52.467Z] [HTTP] GET /users - 304 (397ms)
[2026-05-06T00:49:52.714Z] [HTTP] GET /users - 304 (226ms)
[2026-05-06T00:49:55.729Z] [HTTP] GET /users - 304 (220ms)
[2026-05-06T00:49:55.872Z] [HTTP] GET /trucks - 304 (340ms)
[2026-05-06T00:49:55.923Z] [HTTP] GET /shipments - 304 (401ms)
[2026-05-06T00:49:55.994Z] [HTTP] GET /users - 304 (244ms)
[2026-05-06T00:49:56.188Z] [HTTP] GET /shipments - 304 (224ms)
[2026-05-06T00:49:56.228Z] [HTTP] GET /trucks - 304 (266ms)
[2026-05-06T00:50:04.715Z] [HTTP] GET /trucks - 304 (323ms)
[2026-05-06T00:50:04.978Z] [HTTP] GET /trucks - 304 (219ms)
[2026-05-06T00:50:08.462Z] [HTTP] GET /profile - 304 (243ms)
[2026-05-06T00:50:11.926Z] [HTTP] GET /profile - 304 (236ms)
[2026-05-06T00:50:21.469Z] [HTTP] GET /profile - 304 (315ms)
[2026-05-06T00:50:24.994Z] [HTTP] GET /profile - 304 (245ms)
[2026-05-06T00:50:26.717Z] [HTTP] GET /users - 304 (209ms)
[2026-05-06T00:50:26.936Z] [HTTP] GET /users - 304 (208ms)
[2026-05-06T00:50:38.081Z] [HTTP] GET /profile - 304 (883ms)
[2026-05-06T00:50:46.544Z] [WARN] Auth middleware error:
"Authorization header missing"
[2026-05-06T00:50:46.558Z] [HTTP] GET /admin/system/settings - 401 (18ms)
[2026-05-06T00:50:56.437Z] [INFO] 🔐 Login attempt: abdullah.tauqeer.chh@gmail.com
[2026-05-06T00:50:57.363Z] [INFO] ✅ User logged in: abdullah.tauqeer.chh@gmail.com
[2026-05-06T00:50:57.460Z] [HTTP] POST /login - 200 (1072ms)
[2026-05-06T00:51:49.820Z] [HTTP] GET /profile - 200 (514ms)
[2026-05-06T00:51:57.808Z] [HTTP] GET /profile - 304 (485ms)
[2026-05-06T00:52:23.787Z] [HTTP] GET /profile - 304 (392ms)
[2026-05-06T00:52:38.048Z] [HTTP] GET / - 200 (2258ms)
[2026-05-06T00:52:38.276Z] [HTTP] GET / - 304 (223ms)
[2026-05-06T00:52:39.589Z] [INFO] 🔍 [PUBLIC] Maintenance check from ::1
[2026-05-06T00:52:39.601Z] [HTTP] GET /system/settings - 200 (17ms)
[2026-05-06T00:52:45.359Z] [HTTP] GET /trucks - 200 (1059ms)
[2026-05-06T00:52:45.362Z] [HTTP] GET /shipments - 200 (555ms)
[2026-05-06T00:52:45.856Z] [WARN] ⚠️ Unauthorized access attempt by abdullah.tauqeer.chh@gmail.com (fleet_owner)
[2026-05-06T00:52:45.862Z] [HTTP] GET / - 403 (172ms)
[2026-05-06T00:52:47.994Z] [HTTP] GET /trucks - 304 (2590ms)
[2026-05-06T00:52:48.002Z] [HTTP] GET /shipments - 304 (2447ms)
[2026-05-06T00:52:48.025Z] [WARN] ⚠️ Unauthorized access attempt by abdullah.tauqeer.chh@gmail.com (fleet_owner)
[2026-05-06T00:52:48.036Z] [HTTP] GET / - 403 (12ms)
[2026-05-06T00:52:53.425Z] [HTTP] GET /trucks - 304 (5157ms)
[2026-05-06T00:52:54.142Z] [HTTP] GET /trucks - 304 (697ms)
[2026-05-06T00:53:36.125Z] [HTTP] GET /profile - 304 (1860ms)
[2026-05-06T00:53:42.210Z] [HTTP] GET /profile - 304 (3739ms)
[2026-05-06T00:53:46.746Z] [HTTP] GET /profile - 304 (4384ms)
[2026-05-06T00:54:02.591Z] [HTTP] GET /profile - 304 (12536ms)
[2026-05-06T00:54:03.732Z] [INFO] 💚 Health: 228MB heap | 1h 45m uptime | 79 tracked errors
[2026-05-06T00:54:17.483Z] [HTTP] GET /profile - 304 (14312ms)
[2026-05-06T00:54:46.280Z] [ERROR] ❌ Truck photo upload failed: fetch failed
[2026-05-06T00:54:46.289Z] [HTTP] POST /truck-photo - 500 (10128ms)
[2026-05-06T00:54:49.381Z] [HTTP] GET /profile - 200 (4492ms)
[2026-05-06T00:54:49.385Z] [HTTP] GET /profile - 200 (14437ms)
[2026-05-06T00:54:49.394Z] [HTTP] GET /profile - 200 (10674ms)
[2026-05-06T00:54:49.412Z] [HTTP] GET /profile - 200 (610ms)
[2026-05-06T00:54:53.898Z] [HTTP] GET /profile - 200 (312ms)
[2026-05-06T00:55:02.584Z] [HTTP] GET /profile - 304 (44929ms)
[2026-05-06T00:55:15.397Z] [INFO] 📸 Truck photo uploaded: 97aa8433-0387-4ad7-8277-5e091c8367e2/1778028900744-front.png by 97aa8433-0387-4ad7-8277-5e091c8367e2
[2026-05-06T00:55:15.401Z] [HTTP] POST /truck-photo - 200 (14685ms)
[2026-05-06T00:55:18.556Z] [INFO] 📸 Truck photo uploaded: 97aa8433-0387-4ad7-8277-5e091c8367e2/1778028915428-back.png by 97aa8433-0387-4ad7-8277-5e091c8367e2
[2026-05-06T00:55:18.581Z] [HTTP] POST /truck-photo - 200 (3167ms)
[2026-05-06T00:55:31.956Z] [INFO] 📸 Truck photo uploaded: 97aa8433-0387-4ad7-8277-5e091c8367e2/1778028918910-interior.png by 97aa8433-0387-4ad7-8277-5e091c8367e2
[2026-05-06T00:55:31.959Z] [HTTP] POST /truck-photo - 200 (13317ms)
[2026-05-06T00:55:41.194Z] [INFO] 📸 Truck photo uploaded: 97aa8433-0387-4ad7-8277-5e091c8367e2/1778028931991-exterior.png by 97aa8433-0387-4ad7-8277-5e091c8367e2
[2026-05-06T00:55:41.203Z] [HTTP] POST /truck-photo - 200 (9233ms)
[2026-05-06T00:55:48.981Z] [INFO] 📄 Truck document uploaded: 97aa8433-0387-4ad7-8277-5e091c8367e2/1778028941234-registration.pdf by 97aa8433-0387-4ad7-8277-5e091c8367e2
[2026-05-06T00:55:49.021Z] [HTTP] POST /truck-document - 200 (7798ms)
[2026-05-06T00:55:53.479Z] [INFO] 📄 Truck document uploaded: 97aa8433-0387-4ad7-8277-5e091c8367e2/1778028949170-fitness.pdf by 97aa8433-0387-4ad7-8277-5e091c8367e2
[2026-05-06T00:55:53.537Z] [HTTP] POST /truck-document - 200 (4371ms)
[2026-05-06T00:55:58.628Z] [INFO] 📄 Truck document uploaded: 97aa8433-0387-4ad7-8277-5e091c8367e2/1778028953664-route.pdf by 97aa8433-0387-4ad7-8277-5e091c8367e2
[2026-05-06T00:55:58.649Z] [HTTP] POST /truck-document - 200 (4994ms)
[2026-05-06T00:56:03.510Z] [INFO] 📄 Truck document uploaded: 97aa8433-0387-4ad7-8277-5e091c8367e2/1778028958669-insurance.pdf by 97aa8433-0387-4ad7-8277-5e091c8367e2
[2026-05-06T00:56:03.514Z] [HTTP] POST /truck-document - 200 (4850ms)
[2026-05-06T00:56:03.679Z] [INFO] 📦 Creating truck: ace 8193
[2026-05-06T00:56:04.148Z] [WARN] Truck create falling back to memory store: null value in column "type" of relation "trucks" violates not-null constraint
[2026-05-06T00:56:04.195Z] [HTTP] POST /trucks - 201 (541ms)
[2026-05-06T00:56:14.511Z] [INFO] 🔍 [PUBLIC] Maintenance check from ::1
[2026-05-06T00:56:14.541Z] [HTTP] GET /system/settings - 304 (36ms)
[2026-05-06T00:56:15.999Z] [HTTP] GET /profile - 304 (602ms)
[2026-05-06T00:56:17.928Z] [HTTP] GET /trucks - 200 (265ms)
[2026-05-06T00:56:18.207Z] [HTTP] GET /trucks - 304 (275ms)
[2026-05-06T00:56:20.210Z] [HTTP] PATCH /trucks/trk_1778028964193_hrmy2rqo9/status - 200 (276ms)
[2026-05-06T00:56:20.447Z] [INFO] 📋 AUDIT: PATCH /trucks/trk_1778028964193_hrmy2rqo9/status by 5eaf5b56-215a-43ac-a000-41e8c5b5ba44 on status/N/A
[2026-05-06T00:56:20.552Z] [HTTP] GET /trucks - 200 (334ms)
[2026-05-06T00:56:22.558Z] [HTTP] GET /profile - 304 (242ms)
[2026-05-06T00:56:23.836Z] [INFO] 🔍 [PUBLIC] Maintenance check from ::1
[2026-05-06T00:56:23.839Z] [HTTP] GET /system/settings - 304 (4ms)
[2026-05-06T00:56:24.667Z] [HTTP] GET /profile - 304 (368ms)
[2026-05-06T00:56:35.205Z] [HTTP] GET /profile - 304 (403ms)
[2026-05-06T00:56:43.337Z] [INFO] 🔍 [PUBLIC] Maintenance check from ::1
[2026-05-06T00:56:43.339Z] [HTTP] GET /system/settings - 304 (5ms)
[2026-05-06T00:56:46.955Z] [HTTP] GET /trucks - 200 (357ms)
[2026-05-06T00:56:47.180Z] [HTTP] GET /trucks - 304 (219ms)
[2026-05-06T00:56:47.679Z] [INFO] 🔍 [PUBLIC] Maintenance check from ::1
[2026-05-06T00:56:47.680Z] [HTTP] GET /system/settings - 304 (2ms)
[2026-05-06T00:56:47.837Z] [INFO] 🔍 [PUBLIC] Maintenance check from ::1
[2026-05-06T00:56:47.838Z] [HTTP] GET /system/settings - 304 (1ms)
[2026-05-06T00:56:52.830Z] [HTTP] GET /trucks - 304 (455ms)
[2026-05-06T00:56:53.070Z] [HTTP] GET /trucks - 304 (232ms)
[2026-05-06T00:56:56.827Z] [HTTP] GET /trucks/trk_1778028964193_hrmy2rqo9 - 200 (371ms)
[2026-05-06T00:56:57.239Z] [HTTP] GET /trucks/trk_1778028964193_hrmy2rqo9 - 304 (299ms)
[2026-05-06T00:57:22.490Z] [INFO] 📦 Creating shipment from Lahore to Rawalpindi
[2026-05-06T00:57:23.641Z] [HTTP] POST /shipments - 201 (1742ms)
[2026-05-06T00:57:27.803Z] [HTTP] GET /shipments/shp_1778029043639_tu8c8yfgx - 200 (357ms)
[2026-05-06T00:57:28.107Z] [HTTP] GET /shipments/shp_1778029043639_tu8c8yfgx - 304 (300ms)
[2026-05-06T00:57:28.165Z] [HTTP] GET /trucks/trk_1778028964193_hrmy2rqo9 - 304 (352ms)
[2026-05-06T00:57:28.428Z] [HTTP] GET /trucks/trk_1778028964193_hrmy2rqo9 - 304 (245ms)
[2026-05-06T00:59:03.739Z] [INFO] 💚 Health: 224MB heap | 1h 50m uptime | 93 tracked errors
[2026-05-06T01:04:03.737Z] [INFO] 💚 Health: 225MB heap | 1h 55m uptime | 93 tracked errors
[2026-05-06T01:09:03.753Z] [INFO] 💚 Health: 225MB heap | 2h 0m uptime | 93 tracked errors
[2026-05-06T01:14:03.769Z] [INFO] 💚 Health: 224MB heap | 2h 5m uptime | 93 tracked errors
[2026-05-06T01:14:19.127Z] [INFO] 🔍 [PUBLIC] Maintenance check from ::1
[2026-05-06T01:14:19.135Z] [HTTP] GET /system/settings - 304 (66ms)
[2026-05-06T01:14:20.867Z] [HTTP] GET /shipments/shp_1778029043639_tu8c8yfgx - 304 (1712ms)
[2026-05-06T01:14:21.303Z] [HTTP] GET /shipments/shp_1778029043639_tu8c8yfgx - 304 (431ms)
[2026-05-06T01:14:21.539Z] [HTTP] GET /trucks/trk_1778028964193_hrmy2rqo9 - 304 (654ms)
[2026-05-06T01:14:21.986Z] [HTTP] GET /trucks/trk_1778028964193_hrmy2rqo9 - 304 (441ms)
[2026-05-06T01:19:03.940Z] [INFO] 💚 Health: 225MB heap | 2h 10m uptime | 93 tracked errors
[2026-05-06T01:24:03.938Z] [INFO] 💚 Health: 225MB heap | 2h 15m uptime | 93 tracked errors
[2026-05-06T01:29:03.933Z] [INFO] 💚 Health: 225MB heap | 2h 20m uptime | 93 tracked errors
[2026-05-06T01:34:03.932Z] [INFO] 💚 Health: 225MB heap | 2h 25m uptime | 93 tracked errors
[2026-05-06T01:39:03.935Z] [INFO] 💚 Health: 224MB heap | 2h 30m uptime | 93 tracked errors
[2026-05-06T01:44:03.945Z] [INFO] 💚 Health: 224MB heap | 2h 35m uptime | 93 tracked errors
[2026-05-06T01:49:03.948Z] [INFO] 💚 Health: 224MB heap | 2h 40m uptime | 93 tracked errors
[2026-05-06T01:54:03.952Z] [INFO] 💚 Health: 224MB heap | 2h 45m uptime | 93 tracked errors
[2026-05-06T01:59:03.960Z] [INFO] 💚 Health: 225MB heap | 2h 50m uptime | 93 tracked errors
[2026-05-06T02:04:03.960Z] [INFO] 💚 Health: 225MB heap | 2h 55m uptime | 93 tracked errors
[2026-05-06T02:09:03.970Z] [INFO] 💚 Health: 225MB heap | 3h 0m uptime | 93 tracked errors
[2026-05-06T02:14:03.973Z] [INFO] 💚 Health: 225MB heap | 3h 5m uptime | 93 tracked errors
[2026-05-06T02:19:03.987Z] [INFO] 💚 Health: 225MB heap | 3h 10m uptime | 93 tracked errors
[2026-05-06T02:24:04.004Z] [INFO] 💚 Health: 225MB heap | 3h 15m uptime | 93 tracked errors
[2026-05-06T02:29:04.017Z] [INFO] 💚 Health: 224MB heap | 3h 20m uptime | 93 tracked errors
[2026-05-06T02:34:04.018Z] [INFO] 💚 Health: 224MB heap | 3h 25m uptime | 93 tracked errors
[2026-05-06T02:39:04.025Z] [INFO] 💚 Health: 224MB heap | 3h 30m uptime | 93 tracked errors
[2026-05-06T02:44:04.041Z] [INFO] 💚 Health: 224MB heap | 3h 35m uptime | 93 tracked errors
[2026-05-06T02:49:04.053Z] [INFO] 💚 Health: 225MB heap | 3h 40m uptime | 93 tracked errors
[2026-05-06T02:54:04.059Z] [INFO] 💚 Health: 225MB heap | 3h 45m uptime | 93 tracked errors
[2026-05-06T02:59:04.071Z] [INFO] 💚 Health: 225MB heap | 3h 50m uptime | 93 tracked errors
[2026-05-06T03:04:04.082Z] [INFO] 💚 Health: 225MB heap | 3h 55m uptime | 93 tracked errors
[2026-05-06T03:09:04.092Z] [INFO] 💚 Health: 225MB heap | 4h 0m uptime | 93 tracked errors
[2026-05-06T03:14:04.098Z] [INFO] 💚 Health: 225MB heap | 4h 5m uptime | 93 tracked errors
[2026-05-06T03:19:04.104Z] [INFO] 💚 Health: 225MB heap | 4h 10m uptime | 93 tracked errors
[2026-05-06T03:24:04.106Z] [INFO] 💚 Health: 224MB heap | 4h 15m uptime | 93 tracked errors
[2026-05-06T03:29:04.109Z] [INFO] 💚 Health: 224MB heap | 4h 20m uptime | 93 tracked errors
[2026-05-06T03:34:04.117Z] [INFO] 💚 Health: 224MB heap | 4h 25m uptime | 93 tracked errors
[2026-05-06T03:39:04.119Z] [INFO] 💚 Health: 224MB heap | 4h 30m uptime | 93 tracked errors
[2026-05-06T03:44:04.134Z] [INFO] 💚 Health: 225MB heap | 4h 35m uptime | 93 tracked errors
[2026-05-06T03:49:04.142Z] [INFO] 💚 Health: 225MB heap | 4h 40m uptime | 93 tracked errors
[2026-05-06T03:54:04.151Z] [INFO] 💚 Health: 225MB heap | 4h 45m uptime | 93 tracked errors
[2026-05-06T03:59:04.157Z] [INFO] 💚 Health: 225MB heap | 4h 50m uptime | 93 tracked errors
[2026-05-06T04:04:04.161Z] [INFO] 💚 Health: 225MB heap | 4h 55m uptime | 93 tracked errors
[2026-05-06T04:09:04.162Z] [INFO] 💚 Health: 225MB heap | 5h 0m uptime | 93 tracked errors
[2026-05-06T04:14:04.167Z] [INFO] 💚 Health: 225MB heap | 5h 5m uptime | 93 tracked errors
[2026-05-06T04:19:04.174Z] [INFO] 💚 Health: 224MB heap | 5h 10m uptime | 93 tracked errors
[2026-05-06T04:24:04.185Z] [INFO] 💚 Health: 224MB heap | 5h 15m uptime | 93 tracked errors
[2026-05-06T04:29:04.188Z] [INFO] 💚 Health: 224MB heap | 5h 20m uptime | 93 tracked errors
[2026-05-06T04:34:04.198Z] [INFO] 💚 Health: 224MB heap | 5h 25m uptime | 93 tracked errors
[2026-05-06T04:37:12.715Z] [INFO] 🔌 Initializing Supabase...
[2026-05-06T04:37:12.718Z] [INFO] 📍 URL Present: true
[2026-05-06T04:37:12.720Z] [INFO] 🔑 Keys Present: true (service: true)
[2026-05-06T04:37:14.999Z] [INFO] ✅ Supabase connected and users table accessible
[2026-05-06T04:37:15.001Z] [INFO] ✅ Connected to Supabase PostgreSQL database
[2026-05-06T04:37:15.002Z] [INFO] ✅ Database connection established
[2026-05-06T04:37:15.009Z] [INFO] 🔌 Socket.IO initialized with namespaces: /tracking, /chat, /notifications
[2026-05-06T04:37:15.011Z] [INFO] ✅ Socket.IO initialized
[2026-05-06T04:39:04.205Z] [INFO] 💚 Health: 225MB heap | 5h 30m uptime | 93 tracked errors
[2026-05-06T04:44:04.220Z] [INFO] 💚 Health: 225MB heap | 5h 35m uptime | 93 tracked errors
[2026-05-06T09:07:46.740Z] [INFO] 💚 Health: 225MB heap | 9h 58m uptime | 93 tracked errors
[2026-05-06T09:09:31.400Z] [INFO] 🔍 [PUBLIC] Maintenance check from ::1
[2026-05-06T09:09:31.969Z] [HTTP] GET /system/settings - 304 (733ms)
[2026-05-06T09:09:34.514Z] [HTTP] GET /shipments/shp_1778029043639_tu8c8yfgx - 304 (2319ms)
[2026-05-06T09:09:34.760Z] [HTTP] GET /shipments/shp_1778029043639_tu8c8yfgx - 304 (234ms)
[2026-05-06T09:09:35.184Z] [HTTP] GET /trucks/trk_1778028964193_hrmy2rqo9 - 304 (646ms)
[2026-05-06T09:09:35.456Z] [HTTP] GET /trucks/trk_1778028964193_hrmy2rqo9 - 304 (270ms)
[2026-05-06T09:11:16.954Z] [INFO] 🔍 [PUBLIC] Maintenance check from ::1
[2026-05-06T09:11:16.959Z] [HTTP] GET /system/settings - 304 (6ms)
[2026-05-06T09:11:18.114Z] [HTTP] GET /profile - 304 (465ms)
[2026-05-06T09:11:19.224Z] [HTTP] GET /profile - 304 (224ms)
[2026-05-06T09:11:27.417Z] [INFO] 🔍 [PUBLIC] Maintenance check from ::1
[2026-05-06T09:11:27.420Z] [HTTP] GET /system/settings - 304 (4ms)
[2026-05-06T09:12:46.820Z] [INFO] 💚 Health: 225MB heap | 10h 3m uptime | 93 tracked errors
[2026-05-06T09:17:46.810Z] [INFO] 💚 Health: 225MB heap | 10h 8m uptime | 93 tracked errors
[2026-05-06T09:20:29.491Z] [INFO] 🔌 Initializing Supabase...
[2026-05-06T09:20:29.501Z] [INFO] 📍 URL Present: true
[2026-05-06T09:20:29.504Z] [INFO] 🔑 Keys Present: true (service: true)
[2026-05-06T09:20:31.834Z] [INFO] ✅ Supabase connected and users table accessible
[2026-05-06T09:20:31.837Z] [INFO] ✅ Connected to Supabase PostgreSQL database
[2026-05-06T09:20:31.853Z] [INFO] ✅ Database connection established
[2026-05-06T09:20:31.866Z] [INFO] 🔌 Socket.IO initialized with namespaces: /tracking, /chat, /notifications
[2026-05-06T09:20:31.875Z] [INFO] ✅ Socket.IO initialized
[2026-05-06T09:22:46.951Z] [INFO] 💚 Health: 225MB heap | 10h 13m uptime | 93 tracked errors
[2026-05-06T09:26:59.897Z] [INFO] 🔌 Initializing Supabase...
[2026-05-06T09:26:59.971Z] [INFO] 📍 URL Present: true
[2026-05-06T09:26:59.993Z] [INFO] 🔑 Keys Present: true (service: true)
[2026-05-06T09:27:15.051Z] [WARN] ⚠️ Users table query result: {"message":"TypeError: fetch failed","details":"TypeError: fetch failed\n\nCaused by: Error: getaddrinfo ENOTFOUND ewlzbeauucflhtzmzkhy.supabase.co (ENOTFOUND)\nError: getaddrinfo ENOTFOUND ewlzbeauucflhtzmzkhy.supabase.co\n    at GetAddrInfoReqWrap.onlookupall [as oncomplete] (node:dns:122:26)","hint":"","code":""}
[2026-05-06T09:27:15.178Z] [INFO] ✅ Supabase initialized (table check skipped)
[2026-05-06T09:27:15.319Z] [INFO] ✅ Connected to Supabase PostgreSQL database
[2026-05-06T09:27:15.488Z] [INFO] ✅ Database connection established
[2026-05-06T09:27:15.637Z] [INFO] 🔌 Socket.IO initialized with namespaces: /tracking, /chat, /notifications
[2026-05-06T09:27:15.753Z] [INFO] ✅ Socket.IO initialized
[2026-05-06T09:27:47.012Z] [INFO] 💚 Health: 225MB heap | 10h 18m uptime | 93 tracked errors
[2026-05-06T09:32:47.233Z] [INFO] 💚 Health: 225MB heap | 10h 23m uptime | 93 tracked errors
[2026-05-06T09:37:48.086Z] [INFO] 💚 Health: 225MB heap | 10h 28m uptime | 93 tracked errors
[2026-05-06T09:40:01.174Z] [INFO] 🔍 [PUBLIC] Maintenance check from ::1
[2026-05-06T09:40:01.246Z] [HTTP] GET /system/settings - 200 (237ms)
[2026-05-06T09:42:47.591Z] [INFO] 💚 Health: 225MB heap | 10h 33m uptime | 93 tracked errors
[2026-05-06T09:47:47.590Z] [INFO] 💚 Health: 225MB heap | 10h 38m uptime | 93 tracked errors
[2026-05-06T09:51:26.865Z] [INFO] 🔍 [PUBLIC] Maintenance check from ::1
[2026-05-06T09:51:26.929Z] [HTTP] GET /system/settings - 304 (114ms)
[2026-05-06T09:52:47.611Z] [INFO] 💚 Health: 225MB heap | 10h 43m uptime | 93 tracked errors
[2026-05-06T09:57:47.609Z] [INFO] 💚 Health: 225MB heap | 10h 48m uptime | 93 tracked errors
[2026-05-06T10:02:47.612Z] [INFO] 💚 Health: 225MB heap | 10h 53m uptime | 93 tracked errors
[2026-05-06T10:03:39.876Z] [HTTP] GET /trucks - 200 (1985ms)
[2026-05-06T10:03:40.208Z] [HTTP] GET /trucks - 304 (311ms)
[2026-05-06T10:03:49.544Z] [HTTP] GET /trucks/trk_1778028964193_hrmy2rqo9 - 200 (1273ms)
[2026-05-06T10:03:50.026Z] [HTTP] GET /trucks/trk_1778028964193_hrmy2rqo9 - 304 (438ms)
[2026-05-06T10:04:11.834Z] [ERROR] Create shipment error:
{
  "statusCode": 403,
  "code": "FORBIDDEN"
}
[2026-05-06T10:04:12.429Z] [HTTP] POST /shipments - 403 (620ms)
[2026-05-06T10:04:22.332Z] [ERROR] Create shipment error:
{
  "statusCode": 403,
  "code": "FORBIDDEN"
}
[2026-05-06T10:04:22.337Z] [HTTP] POST /shipments - 403 (7ms)
[2026-05-06T10:04:23.652Z] [ERROR] Create shipment error:
{
  "statusCode": 403,
  "code": "FORBIDDEN"
}
[2026-05-06T10:04:23.670Z] [HTTP] POST /shipments - 403 (19ms)
[2026-05-06T10:04:25.287Z] [ERROR] Create shipment error:
{
  "statusCode": 403,
  "code": "FORBIDDEN"
}
[2026-05-06T10:04:25.295Z] [HTTP] POST /shipments - 403 (9ms)
[2026-05-06T10:04:31.492Z] [ERROR] Create shipment error:
{
  "statusCode": 403,
  "code": "FORBIDDEN"
}
[2026-05-06T10:04:31.495Z] [HTTP] POST /shipments - 403 (4ms)
[2026-05-06T10:07:47.739Z] [INFO] 💚 Health: 226MB heap | 10h 58m uptime | 93 tracked errors
[2026-05-06T10:08:16.277Z] [INFO] 🔍 [PUBLIC] Maintenance check from ::1
[2026-05-06T10:08:16.292Z] [HTTP] GET /system/settings - 304 (33ms)
[2026-05-06T10:08:17.255Z] [HTTP] GET /trucks/trk_1778028964193_hrmy2rqo9 - 304 (1366ms)
[2026-05-06T10:12:47.775Z] [INFO] 💚 Health: 226MB heap | 11h 3m uptime | 93 tracked errors
[2026-05-06T10:17:47.760Z] [INFO] 💚 Health: 226MB heap | 11h 8m uptime | 93 tracked errors
[2026-05-06T10:22:47.844Z] [INFO] 💚 Health: 226MB heap | 11h 13m uptime | 93 tracked errors
[2026-05-06T10:27:49.386Z] [INFO] 💚 Health: 226MB heap | 11h 18m uptime | 93 tracked errors
[2026-05-06T10:32:48.108Z] [INFO] 💚 Health: 226MB heap | 11h 23m uptime | 93 tracked errors
[2026-05-06T10:37:48.150Z] [INFO] 💚 Health: 226MB heap | 11h 28m uptime | 93 tracked errors
[2026-05-06T10:42:05.992Z] [INFO] 🔍 [PUBLIC] Maintenance check from ::1
[2026-05-06T10:42:06.001Z] [HTTP] GET /system/settings - 304 (55ms)
[2026-05-06T10:42:17.561Z] [HTTP] GET /trucks - 200 (1091ms)
[2026-05-06T10:42:17.899Z] [HTTP] GET /trucks - 304 (240ms)
[2026-05-06T10:42:48.175Z] [INFO] 💚 Health: 226MB heap | 11h 33m uptime | 93 tracked errors
[2026-05-06T10:44:35.631Z] [INFO] 🔍 [PUBLIC] Maintenance check from ::1
[2026-05-06T10:44:35.641Z] [HTTP] GET /system/settings - 304 (11ms)
[2026-05-06T10:44:44.449Z] [HTTP] GET /profile - 304 (1186ms)
[2026-05-06T10:44:50.066Z] [INFO] 🔍 [PUBLIC] Maintenance check from ::1
[2026-05-06T10:44:50.073Z] [HTTP] GET /system/settings - 304 (8ms)
[2026-05-06T10:45:17.411Z] [HTTP] GET /trucks - 304 (618ms)
[2026-05-06T10:45:17.774Z] [HTTP] GET /trucks - 304 (340ms)
[2026-05-06T10:47:48.138Z] [INFO] 💚 Health: 226MB heap | 11h 38m uptime | 93 tracked errors
[2026-05-06T10:49:30.568Z] [HTTP] GET /profile - 304 (1150ms)
[2026-05-06T10:51:21.554Z] [INFO] 🔍 [PUBLIC] Maintenance check from ::1
[2026-05-06T10:51:21.597Z] [HTTP] GET /system/settings - 304 (67ms)
[2026-05-06T10:51:22.582Z] [HTTP] GET /profile - 304 (554ms)
[2026-05-06T10:52:48.156Z] [INFO] 💚 Health: 227MB heap | 11h 43m uptime | 93 tracked errors
[2026-05-06T10:57:48.199Z] [INFO] 💚 Health: 226MB heap | 11h 48m uptime | 93 tracked errors
[2026-05-06T11:02:48.254Z] [INFO] 💚 Health: 226MB heap | 11h 53m uptime | 93 tracked errors
[2026-05-06T12:32:20.412Z] [INFO] 🔌 Initializing Supabase...
[2026-05-06T12:32:20.547Z] [INFO] 📍 URL Present: true
[2026-05-06T12:32:20.640Z] [INFO] 🔑 Keys Present: true (service: true)
[2026-05-06T12:32:22.884Z] [INFO] ✅ Supabase connected and users table accessible
[2026-05-06T12:32:22.886Z] [INFO] ✅ Connected to Supabase PostgreSQL database
[2026-05-06T12:32:22.896Z] [INFO] ✅ Database connection established
[2026-05-06T12:32:22.906Z] [INFO] 🔌 Socket.IO initialized with namespaces: /tracking, /chat, /notifications
[2026-05-06T12:32:22.913Z] [INFO] ✅ Socket.IO initialized
[2026-05-06T12:32:22.941Z] [INFO] 🚀 Backend API running on http://localhost:3001
[2026-05-06T12:32:22.957Z] [INFO] 📊 Health check: http://localhost:3001/api/health
[2026-05-06T12:32:22.961Z] [INFO] 🔐 Auth endpoints: http://localhost:3001/api/auth/...
[2026-05-06T12:32:22.970Z] [INFO] 🔌 Socket.IO: ws://localhost:3001
[2026-05-06T12:32:22.980Z] [INFO] 📝 Environment: development
[2026-05-06T12:33:10.995Z] [INFO] 🔍 [PUBLIC] Maintenance check from ::1
[2026-05-06T12:33:11.022Z] [HTTP] GET /system/settings - 304 (67ms)
[2026-05-06T12:33:17.852Z] [HTTP] GET /trucks - 200 (359ms)
[2026-05-06T12:33:18.115Z] [HTTP] GET /trucks - 304 (222ms)
[2026-05-06T12:33:18.156Z] [HTTP] GET /users - 304 (673ms)
[2026-05-06T12:33:18.208Z] [HTTP] GET /shipments - 304 (709ms)
[2026-05-06T12:33:18.390Z] [HTTP] GET /users - 304 (231ms)
[2026-05-06T12:33:18.437Z] [HTTP] GET /shipments - 304 (221ms)
[2026-05-06T12:33:27.092Z] [HTTP] GET /trucks - 200 (341ms)
[2026-05-06T12:33:27.515Z] [HTTP] GET /trucks - 304 (223ms)
[2026-05-06T12:33:33.621Z] [HTTP] GET /shipments - 304 (481ms)
[2026-05-06T12:33:33.993Z] [HTTP] GET /shipments - 304 (246ms)
[2026-05-06T12:37:08.421Z] [INFO] 💚 Health: 223MB heap | 0h 5m uptime | 0 tracked errors
[2026-05-06T12:39:04.520Z] [INFO] 🔍 [PUBLIC] Maintenance check from ::1
[2026-05-06T12:39:04.559Z] [HTTP] GET /system/settings - 304 (148ms)
[2026-05-06T12:39:06.265Z] [HTTP] GET /profile - 304 (1670ms)
[2026-05-06T14:01:22.719Z] [INFO] 🔌 Initializing Supabase...
[2026-05-06T14:01:22.766Z] [INFO] 📍 URL Present: true
[2026-05-06T14:01:22.767Z] [INFO] 🔑 Keys Present: true (service: true)
[2026-05-06T14:01:23.340Z] [INFO] 🔌 Initializing Supabase...
[2026-05-06T14:01:23.361Z] [INFO] 📍 URL Present: true
[2026-05-06T14:01:23.364Z] [INFO] 🔑 Keys Present: true (service: true)
[2026-05-06T14:01:25.244Z] [INFO] ✅ Supabase connected and users table accessible
[2026-05-06T14:01:25.245Z] [INFO] ✅ Connected to Supabase PostgreSQL database
[2026-05-06T14:01:25.245Z] [INFO] ✅ Database connection established
[2026-05-06T14:01:25.251Z] [INFO] 🔌 Socket.IO initialized with namespaces: /tracking, /chat, /notifications
[2026-05-06T14:01:25.252Z] [INFO] ✅ Socket.IO initialized
[2026-05-06T14:01:25.260Z] [INFO] 🚀 Backend API running on http://localhost:3001
[2026-05-06T14:01:25.261Z] [INFO] 📊 Health check: http://localhost:3001/api/health
[2026-05-06T14:01:25.261Z] [INFO] 🔐 Auth endpoints: http://localhost:3001/api/auth/...
[2026-05-06T14:01:25.262Z] [INFO] 🔌 Socket.IO: ws://localhost:3001
[2026-05-06T14:01:25.262Z] [INFO] 📝 Environment: development
[2026-05-06T14:01:25.248Z] [INFO] ✅ Supabase connected and users table accessible
[2026-05-06T14:01:25.278Z] [INFO] ✅ Connected to Supabase PostgreSQL database
[2026-05-06T14:01:25.286Z] [INFO] ✅ Database connection established
[2026-05-06T14:01:25.295Z] [INFO] 🔌 Socket.IO initialized with namespaces: /tracking, /chat, /notifications
[2026-05-06T14:01:25.304Z] [INFO] ✅ Socket.IO initialized
[2026-05-06T14:02:03.806Z] [HTTP] GET /system/settings - 200 (477ms)
[2026-05-06T14:02:03.814Z] [HTTP] GET /profile - 304 (373ms)
[2026-05-06T14:02:09.799Z] [HTTP] GET /users - 304 (354ms)
[2026-05-06T14:02:09.815Z] [HTTP] GET /shipments - 304 (362ms)
[2026-05-06T14:02:10.062Z] [HTTP] GET /shipments - 304 (231ms)
[2026-05-06T14:02:10.063Z] [HTTP] GET /users - 304 (237ms)
[2026-05-06T14:02:10.146Z] [HTTP] GET /trucks - 304 (708ms)
[2026-05-06T14:02:10.375Z] [HTTP] GET /trucks - 304 (216ms)
[2026-05-06T14:05:13.486Z] [INFO] 🔌 Initializing Supabase...
[2026-05-06T14:05:13.490Z] [INFO] 🔌 Initializing Supabase...
[2026-05-06T14:05:13.913Z] [INFO] 📍 URL Present: true
[2026-05-06T14:05:13.915Z] [INFO] 🔑 Keys Present: true (service: true)
[2026-05-06T14:05:13.915Z] [INFO] 📍 URL Present: true
[2026-05-06T14:05:13.920Z] [INFO] 🔑 Keys Present: true (service: true)
[2026-05-06T14:05:17.934Z] [INFO] ✅ Supabase connected and users table accessible
[2026-05-06T14:05:17.935Z] [INFO] ✅ Connected to Supabase PostgreSQL database
[2026-05-06T14:05:17.948Z] [INFO] ✅ Database connection established
[2026-05-06T14:05:17.994Z] [INFO] 🔌 Socket.IO initialized with namespaces: /tracking, /chat, /notifications
[2026-05-06T14:05:18.011Z] [INFO] ✅ Socket.IO initialized
[2026-05-06T14:05:17.881Z] [INFO] ✅ Supabase connected and users table accessible
[2026-05-06T14:05:18.085Z] [INFO] 🚀 Backend API running on http://localhost:3001
[2026-05-06T14:05:18.086Z] [INFO] 📊 Health check: http://localhost:3001/api/health
[2026-05-06T14:05:18.093Z] [INFO] 🔐 Auth endpoints: http://localhost:3001/api/auth/...
[2026-05-06T14:05:18.097Z] [INFO] 🔌 Socket.IO: ws://localhost:3001
[2026-05-06T14:05:18.099Z] [INFO] 📝 Environment: development
[2026-05-06T14:05:18.049Z] [INFO] ✅ Connected to Supabase PostgreSQL database
[2026-05-06T14:05:18.128Z] [INFO] ✅ Database connection established
[2026-05-06T14:05:18.213Z] [INFO] 🔌 Socket.IO initialized with namespaces: /tracking, /chat, /notifications
[2026-05-06T14:05:18.232Z] [INFO] ✅ Socket.IO initialized
[2026-05-06T14:14:46.538Z] [INFO] 💚 Health: 216MB heap | 0h 10m uptime | 0 tracked errors
[2026-05-06T14:15:42.927Z] [HTTP] GET /system/settings - 304 (1774ms)
[2026-05-06T14:15:42.938Z] [HTTP] GET /profile - 304 (1353ms)
[2026-05-06T14:19:46.575Z] [INFO] 💚 Health: 217MB heap | 0h 15m uptime | 0 tracked errors
[2026-05-06T14:22:09.734Z] [INFO] 🔌 Initializing Supabase...
[2026-05-06T14:22:09.736Z] [INFO] 🔌 Initializing Supabase...
[2026-05-06T14:22:10.617Z] [INFO] 📍 URL Present: true
[2026-05-06T14:22:10.617Z] [INFO] 🔑 Keys Present: true (service: true)
[2026-05-06T14:22:10.617Z] [INFO] 📍 URL Present: true
[2026-05-06T14:22:10.626Z] [INFO] 🔑 Keys Present: true (service: true)
[2026-05-06T14:22:15.335Z] [INFO] ✅ Supabase connected and users table accessible
[2026-05-06T14:22:15.344Z] [INFO] ✅ Supabase connected and users table accessible
[2026-05-06T14:22:15.345Z] [INFO] ✅ Connected to Supabase PostgreSQL database
[2026-05-06T14:22:15.341Z] [INFO] ✅ Connected to Supabase PostgreSQL database
[2026-05-06T14:22:15.360Z] [INFO] ✅ Database connection established
[2026-05-06T14:22:15.360Z] [INFO] ✅ Database connection established
[2026-05-06T14:22:15.371Z] [INFO] 🔌 Socket.IO initialized with namespaces: /tracking, /chat, /notifications
[2026-05-06T14:22:15.379Z] [INFO] 🔌 Socket.IO initialized with namespaces: /tracking, /chat, /notifications
[2026-05-06T14:22:15.380Z] [INFO] ✅ Socket.IO initialized
[2026-05-06T14:22:15.375Z] [INFO] ✅ Socket.IO initialized
[2026-05-06T14:22:15.743Z] [INFO] 🚀 Backend API running on http://localhost:3001
[2026-05-06T14:22:15.743Z] [INFO] 📊 Health check: http://localhost:3001/api/health
[2026-05-06T14:22:15.744Z] [INFO] 🔐 Auth endpoints: http://localhost:3001/api/auth/...
[2026-05-06T14:22:15.745Z] [INFO] 🔌 Socket.IO: ws://localhost:3001
[2026-05-06T14:22:15.746Z] [INFO] 📝 Environment: development
[2026-05-06T14:26:51.714Z] [INFO] 💚 Health: 216MB heap | 0h 5m uptime | 0 tracked errors
[2026-05-06T14:31:51.622Z] [INFO] 💚 Health: 216MB heap | 0h 10m uptime | 0 tracked errors
[2026-05-06T14:36:51.623Z] [INFO] 💚 Health: 216MB heap | 0h 15m uptime | 0 tracked errors
[2026-05-06T14:38:39.644Z] [HTTP] GET /system/settings - 304 (1279ms)
[2026-05-06T14:38:41.746Z] [INFO] 👑 Admin Action: GET /users
[2026-05-06T14:38:42.055Z] [HTTP] GET /users - 304 (331ms)
[2026-05-06T14:38:42.061Z] [INFO] 👑 Admin Action: GET /users
[2026-05-06T14:38:42.362Z] [HTTP] GET /users - 304 (302ms)
[2026-05-06T14:38:42.487Z] [HTTP] GET /shipments - 304 (453ms)
[2026-05-06T14:38:42.798Z] [HTTP] GET /trucks - 304 (777ms)
[2026-05-06T14:38:42.913Z] [HTTP] GET /shipments - 304 (300ms)
[2026-05-06T14:38:43.109Z] [HTTP] GET /trucks - 304 (296ms)
[2026-05-06T14:41:51.624Z] [INFO] 💚 Health: 217MB heap | 0h 20m uptime | 0 tracked errors
[2026-05-06T14:43:28.888Z] [HTTP] GET /profile - 304 (1327ms)
[2026-05-06T14:43:30.288Z] [HTTP] GET /profile - 304 (386ms)
[2026-05-06T14:43:35.016Z] [HTTP] GET /profile - 304 (675ms)
[2026-05-06T14:43:39.492Z] [INFO] 👑 Admin Action: GET /users
[2026-05-06T14:43:40.264Z] [HTTP] GET /users - 304 (774ms)
[2026-05-06T14:43:40.289Z] [INFO] 👑 Admin Action: GET /users
[2026-05-06T14:43:40.569Z] [HTTP] GET /users - 304 (281ms)
[2026-05-06T14:43:58.005Z] [HTTP] GET /system/settings - 200 (1394ms)
[2026-05-06T14:44:33.476Z] [HTTP] GET /profile - 304 (922ms)
[2026-05-06T14:44:54.625Z] [HTTP] GET /system/settings - 200 (583ms)
[2026-05-06T14:45:04.416Z] [HTTP] GET /profile - 304 (736ms)
[2026-05-06T14:45:06.923Z] [HTTP] GET /trucks - 200 (349ms)
[2026-05-06T14:45:07.268Z] [HTTP] GET /trucks - 304 (334ms)
[2026-05-06T14:45:10.594Z] [HTTP] GET /profile - 304 (331ms)
[2026-05-06T14:45:13.495Z] [HTTP] GET /trucks - 304 (279ms)
[2026-05-06T14:45:13.813Z] [HTTP] GET /trucks - 304 (261ms)
[2026-05-06T14:45:13.864Z] [HTTP] GET /shipments - 304 (426ms)
[2026-05-06T14:45:14.010Z] [WARN] ⚠️ Unauthorized access attempt by abdullah.tauqeer.chh@gmail.com (fleet_owner)
[2026-05-06T14:45:14.022Z] [HTTP] GET / - 403 (30ms)
[2026-05-06T14:45:14.187Z] [HTTP] GET /shipments - 304 (272ms)
[2026-05-06T14:45:14.404Z] [WARN] ⚠️ Unauthorized access attempt by abdullah.tauqeer.chh@gmail.com (fleet_owner)
[2026-05-06T14:45:14.406Z] [HTTP] GET / - 403 (2ms)
[2026-05-06T14:45:18.978Z] [HTTP] GET /trucks - 304 (498ms)
[2026-05-06T14:45:19.262Z] [HTTP] GET /trucks - 304 (253ms)
[2026-05-06T14:45:45.167Z] [HTTP] GET /profile - 304 (1383ms)
[2026-05-06T14:45:49.012Z] [HTTP] GET /profile - 304 (420ms)
[2026-05-06T14:45:55.131Z] [HTTP] GET /profile - 304 (829ms)
[2026-05-06T14:45:59.308Z] [HTTP] GET /profile - 304 (430ms)
[2026-05-06T14:46:07.484Z] [HTTP] GET /profile - 304 (1082ms)
[2026-05-06T14:46:11.556Z] [HTTP] GET /profile - 304 (425ms)
[2026-05-06T14:46:17.677Z] [HTTP] GET /profile - 304 (1150ms)
[2026-05-06T14:46:29.330Z] [HTTP] GET /profile - 304 (864ms)
[2026-05-06T14:46:31.000Z] [INFO] ✅ Storage bucket verified: truck-images
[2026-05-06T14:46:36.750Z] [INFO] 📸 Truck photo uploaded: 97aa8433-0387-4ad7-8277-5e091c8367e2/1778078791001-front.png by 97aa8433-0387-4ad7-8277-5e091c8367e2
[2026-05-06T14:46:36.759Z] [HTTP] POST /truck-photo - 200 (6643ms)
[2026-05-06T14:46:42.742Z] [INFO] 📸 Truck photo uploaded: 97aa8433-0387-4ad7-8277-5e091c8367e2/1778078796823-back.png by 97aa8433-0387-4ad7-8277-5e091c8367e2
[2026-05-06T14:46:42.743Z] [HTTP] POST /truck-photo - 200 (5978ms)
[2026-05-06T14:46:47.686Z] [INFO] 📸 Truck photo uploaded: 97aa8433-0387-4ad7-8277-5e091c8367e2/1778078802834-interior.png by 97aa8433-0387-4ad7-8277-5e091c8367e2
[2026-05-06T14:46:47.688Z] [HTTP] POST /truck-photo - 200 (4927ms)
[2026-05-06T14:46:51.641Z] [INFO] 💚 Health: 219MB heap | 0h 25m uptime | 3 tracked errors
[2026-05-06T14:46:52.598Z] [INFO] 📸 Truck photo uploaded: 97aa8433-0387-4ad7-8277-5e091c8367e2/1778078807738-exterior.png by 97aa8433-0387-4ad7-8277-5e091c8367e2
[2026-05-06T14:46:52.600Z] [HTTP] POST /truck-photo - 200 (4905ms)
[2026-05-06T14:46:53.067Z] [INFO] ✅ Storage bucket verified: truck-documents
[2026-05-06T14:46:55.076Z] [INFO] 📄 Truck document uploaded: 97aa8433-0387-4ad7-8277-5e091c8367e2/1778078813068-registration.pdf by 97aa8433-0387-4ad7-8277-5e091c8367e2
[2026-05-06T14:46:55.077Z] [HTTP] POST /truck-document - 200 (2465ms)
[2026-05-06T14:46:57.072Z] [INFO] 📄 Truck document uploaded: 97aa8433-0387-4ad7-8277-5e091c8367e2/1778078815092-fitness.pdf by 97aa8433-0387-4ad7-8277-5e091c8367e2
[2026-05-06T14:46:57.074Z] [HTTP] POST /truck-document - 200 (1987ms)
[2026-05-06T14:46:59.122Z] [INFO] 📄 Truck document uploaded: 97aa8433-0387-4ad7-8277-5e091c8367e2/1778078817083-route.pdf by 97aa8433-0387-4ad7-8277-5e091c8367e2
[2026-05-06T14:46:59.124Z] [HTTP] POST /truck-document - 200 (2044ms)
[2026-05-06T14:47:01.280Z] [INFO] 📄 Truck document uploaded: 97aa8433-0387-4ad7-8277-5e091c8367e2/1778078819142-insurance.pdf by 97aa8433-0387-4ad7-8277-5e091c8367e2
[2026-05-06T14:47:01.281Z] [HTTP] POST /truck-document - 200 (2142ms)
[2026-05-06T14:47:01.368Z] [INFO] 📦 Creating truck: ace 6193
[2026-05-06T14:47:01.826Z] [ERROR] Supabase truck creation failed:
"null value in column \"type\" of relation \"trucks\" violates not-null constraint"
[2026-05-06T14:47:01.827Z] [ERROR] Create truck error:
{
  "statusCode": 500,
  "code": "DB_ERROR"
}
[2026-05-06T14:47:01.851Z] [HTTP] POST /trucks - 500 (495ms)
[2026-05-06T14:47:56.475Z] [INFO] 📸 Truck photo uploaded: 97aa8433-0387-4ad7-8277-5e091c8367e2/1778078872380-front.png by 97aa8433-0387-4ad7-8277-5e091c8367e2
[2026-05-06T14:47:56.477Z] [HTTP] POST /truck-photo - 200 (4149ms)
[2026-05-06T14:48:03.007Z] [INFO] 📸 Truck photo uploaded: 97aa8433-0387-4ad7-8277-5e091c8367e2/1778078876530-back.png by 97aa8433-0387-4ad7-8277-5e091c8367e2
[2026-05-06T14:48:03.009Z] [HTTP] POST /truck-photo - 200 (6526ms)
[2026-05-06T14:48:06.960Z] [INFO] 📸 Truck photo uploaded: 97aa8433-0387-4ad7-8277-5e091c8367e2/1778078883075-interior.png by 97aa8433-0387-4ad7-8277-5e091c8367e2
[2026-05-06T14:48:06.961Z] [HTTP] POST /truck-photo - 200 (3940ms)
[2026-05-06T14:48:10.782Z] [HTTP] GET /profile - 304 (410ms)
[2026-05-06T14:48:10.903Z] [INFO] 📸 Truck photo uploaded: 97aa8433-0387-4ad7-8277-5e091c8367e2/1778078887040-exterior.png by 97aa8433-0387-4ad7-8277-5e091c8367e2
[2026-05-06T14:48:10.905Z] [HTTP] POST /truck-photo - 200 (3928ms)
[2026-05-06T14:48:13.087Z] [INFO] 📄 Truck document uploaded: 97aa8433-0387-4ad7-8277-5e091c8367e2/1778078890944-registration.pdf by 97aa8433-0387-4ad7-8277-5e091c8367e2
[2026-05-06T14:48:13.088Z] [HTTP] POST /truck-document - 200 (2171ms)
[2026-05-06T14:48:14.780Z] [INFO] 📄 Truck document uploaded: 97aa8433-0387-4ad7-8277-5e091c8367e2/1778078893144-fitness.pdf by 97aa8433-0387-4ad7-8277-5e091c8367e2
[2026-05-06T14:48:14.782Z] [HTTP] POST /truck-document - 200 (1640ms)
[2026-05-06T14:48:15.925Z] [HTTP] GET /profile - 304 (332ms)
[2026-05-06T14:48:16.524Z] [INFO] 📄 Truck document uploaded: 97aa8433-0387-4ad7-8277-5e091c8367e2/1778078894792-route.pdf by 97aa8433-0387-4ad7-8277-5e091c8367e2
[2026-05-06T14:48:16.526Z] [HTTP] POST /truck-document - 200 (1737ms)
[2026-05-06T14:48:18.193Z] [INFO] 📄 Truck document uploaded: 97aa8433-0387-4ad7-8277-5e091c8367e2/1778078896553-insurance.pdf by 97aa8433-0387-4ad7-8277-5e091c8367e2
[2026-05-06T14:48:18.194Z] [HTTP] POST /truck-document - 200 (1643ms)
[2026-05-06T14:48:18.203Z] [INFO] 📦 Creating truck: ace 6193
[2026-05-06T14:48:18.514Z] [ERROR] Supabase truck creation failed:
"null value in column \"type\" of relation \"trucks\" violates not-null constraint"
[2026-05-06T14:48:18.515Z] [ERROR] Create truck error:
{
  "statusCode": 500,
  "code": "DB_ERROR"
}
[2026-05-06T14:48:18.517Z] [HTTP] POST /trucks - 500 (315ms)
[2026-05-06T14:48:49.094Z] [HTTP] GET /profile - 304 (1200ms)
[2026-05-06T14:48:52.395Z] [HTTP] GET /profile - 304 (738ms)
[2026-05-06T14:48:52.831Z] [HTTP] GET /profile - 304 (368ms)
[2026-05-06T14:48:53.445Z] [HTTP] GET /system/settings - 304 (341ms)
[2026-05-06T14:48:53.937Z] [HTTP] GET /profile - 304 (392ms)
[2026-05-06T14:48:54.220Z] [INFO] 📸 Truck photo uploaded: 97aa8433-0387-4ad7-8277-5e091c8367e2/1778078929782-front.png by 97aa8433-0387-4ad7-8277-5e091c8367e2
[2026-05-06T14:48:54.222Z] [HTTP] POST /truck-photo - 200 (4483ms)
[2026-05-06T14:48:55.296Z] [HTTP] GET /profile - 304 (371ms)
[2026-05-06T14:48:59.464Z] [INFO] 📸 Truck photo uploaded: 97aa8433-0387-4ad7-8277-5e091c8367e2/1778078934559-back.png by 97aa8433-0387-4ad7-8277-5e091c8367e2
[2026-05-06T14:48:59.466Z] [HTTP] POST /truck-photo - 200 (5023ms)
[2026-05-06T14:49:03.454Z] [INFO] 📸 Truck photo uploaded: 97aa8433-0387-4ad7-8277-5e091c8367e2/1778078939516-interior.png by 97aa8433-0387-4ad7-8277-5e091c8367e2
[2026-05-06T14:49:03.456Z] [HTTP] POST /truck-photo - 200 (3982ms)
[2026-05-06T14:49:07.648Z] [INFO] 📸 Truck photo uploaded: 97aa8433-0387-4ad7-8277-5e091c8367e2/1778078943503-exterior.png by 97aa8433-0387-4ad7-8277-5e091c8367e2
[2026-05-06T14:49:07.651Z] [HTTP] POST /truck-photo - 200 (4182ms)
[2026-05-06T14:49:09.235Z] [INFO] 📄 Truck document uploaded: 97aa8433-0387-4ad7-8277-5e091c8367e2/1778078947696-registration.pdf by 97aa8433-0387-4ad7-8277-5e091c8367e2
[2026-05-06T14:49:09.237Z] [HTTP] POST /truck-document - 200 (1564ms)
[2026-05-06T14:49:10.732Z] [INFO] 📄 Truck document uploaded: 97aa8433-0387-4ad7-8277-5e091c8367e2/1778078949248-fitness.pdf by 97aa8433-0387-4ad7-8277-5e091c8367e2
[2026-05-06T14:49:10.733Z] [HTTP] POST /truck-document - 200 (1489ms)
[2026-05-06T14:49:12.174Z] [INFO] 📄 Truck document uploaded: 97aa8433-0387-4ad7-8277-5e091c8367e2/1778078950742-route.pdf by 97aa8433-0387-4ad7-8277-5e091c8367e2
[2026-05-06T14:49:12.175Z] [HTTP] POST /truck-document - 200 (1436ms)
[2026-05-06T14:49:13.469Z] [HTTP] GET /system/settings - 304 (321ms)
[2026-05-06T14:49:13.666Z] [INFO] 📄 Truck document uploaded: 97aa8433-0387-4ad7-8277-5e091c8367e2/1778078952183-insurance.pdf by 97aa8433-0387-4ad7-8277-5e091c8367e2
[2026-05-06T14:49:13.668Z] [HTTP] POST /truck-document - 200 (1487ms)
[2026-05-06T14:49:13.678Z] [INFO] 📦 Creating truck: ace 6193
[2026-05-06T14:49:13.903Z] [ERROR] Supabase truck creation failed:
"null value in column \"type\" of relation \"trucks\" violates not-null constraint"
[2026-05-06T14:49:13.904Z] [ERROR] Create truck error:
{
  "statusCode": 500,
  "code": "DB_ERROR"
}
[2026-05-06T14:49:13.906Z] [HTTP] POST /trucks - 500 (231ms)
[2026-05-06T14:49:13.907Z] [HTTP] GET /profile - 304 (219ms)
[2026-05-06T14:51:52.377Z] [INFO] 💚 Health: 219MB heap | 0h 30m uptime | 12 tracked errors
[2026-05-06T14:55:11.271Z] [HTTP] GET /system/settings - 304 (3639ms)
[2026-05-06T14:55:11.993Z] [HTTP] GET /profile - 304 (5059ms)
[2026-05-06T14:55:19.416Z] [HTTP] GET /system/settings - 304 (398ms)
[2026-05-06T14:55:19.782Z] [HTTP] GET /profile - 304 (247ms)
[2026-05-06T14:56:03.163Z] [HTTP] GET /profile - 304 (541ms)
[2026-05-06T14:56:06.618Z] [HTTP] GET /profile - 304 (255ms)
[2026-05-06T14:56:51.750Z] [INFO] 💚 Health: 219MB heap | 0h 35m uptime | 14 tracked errors
[2026-05-06T14:58:54.872Z] [INFO] 🔌 Initializing Supabase...
[2026-05-06T14:58:54.889Z] [INFO] 📍 URL Present: true
[2026-05-06T14:58:54.890Z] [INFO] 🔑 Keys Present: true (service: true)
[2026-05-06T14:58:55.198Z] [INFO] 🔌 Initializing Supabase...
[2026-05-06T14:58:55.205Z] [INFO] 📍 URL Present: true
[2026-05-06T14:58:55.206Z] [INFO] 🔑 Keys Present: true (service: true)
[2026-05-06T14:58:58.044Z] [INFO] ✅ Supabase connected and users table accessible
[2026-05-06T14:58:58.045Z] [INFO] ✅ Connected to Supabase PostgreSQL database
[2026-05-06T14:58:58.046Z] [INFO] ✅ Database connection established
[2026-05-06T14:58:58.045Z] [INFO] ✅ Supabase connected and users table accessible
[2026-05-06T14:58:58.056Z] [INFO] 🔌 Socket.IO initialized with namespaces: /tracking, /chat, /notifications
[2026-05-06T14:58:58.054Z] [INFO] ✅ Connected to Supabase PostgreSQL database
[2026-05-06T14:58:58.058Z] [INFO] ✅ Socket.IO initialized
[2026-05-06T14:58:58.059Z] [INFO] ✅ Database connection established
[2026-05-06T14:58:58.074Z] [INFO] 🔌 Socket.IO initialized with namespaces: /tracking, /chat, /notifications
[2026-05-06T14:58:58.080Z] [INFO] ✅ Socket.IO initialized
[2026-05-06T14:58:58.121Z] [INFO] 🚀 Backend API running on http://localhost:3001
[2026-05-06T14:58:58.122Z] [INFO] 📊 Health check: http://localhost:3001/api/health
[2026-05-06T14:58:58.123Z] [INFO] 🔐 Auth endpoints: http://localhost:3001/api/auth/...
[2026-05-06T14:58:58.124Z] [INFO] 🔌 Socket.IO: ws://localhost:3001
[2026-05-06T14:58:58.125Z] [INFO] 📝 Environment: development
[2026-05-06T14:59:37.658Z] [HTTP] GET /profile - 304 (477ms)
[2026-05-06T14:59:39.654Z] [HTTP] GET /profile - 304 (272ms)
[2026-05-06T15:00:53.215Z] [HTTP] GET /system/settings - 304 (534ms)
[2026-05-06T15:00:53.456Z] [HTTP] GET /profile - 304 (346ms)
[2026-05-06T15:00:57.276Z] [HTTP] GET /profile - 304 (249ms)
[2026-05-06T15:00:57.863Z] [INFO] ✅ Storage bucket verified: truck-images
[2026-05-06T15:01:01.942Z] [INFO] 📸 Truck photo uploaded: 97aa8433-0387-4ad7-8277-5e091c8367e2/1778079657864-front.png by 97aa8433-0387-4ad7-8277-5e091c8367e2
[2026-05-06T15:01:01.949Z] [HTTP] POST /truck-photo - 200 (4595ms)
[2026-05-06T15:01:04.503Z] [HTTP] GET /profile - 304 (326ms)
[2026-05-06T15:01:07.237Z] [INFO] 📸 Truck photo uploaded: 97aa8433-0387-4ad7-8277-5e091c8367e2/1778079662184-back.png by 97aa8433-0387-4ad7-8277-5e091c8367e2
[2026-05-06T15:01:07.243Z] [HTTP] POST /truck-photo - 200 (5281ms)
[2026-05-06T15:01:11.575Z] [HTTP] GET /system/settings - 304 (419ms)
[2026-05-06T15:01:11.591Z] [HTTP] GET /profile - 304 (364ms)
[2026-05-06T15:01:11.787Z] [INFO] 📸 Truck photo uploaded: 97aa8433-0387-4ad7-8277-5e091c8367e2/1778079667459-interior.png by 97aa8433-0387-4ad7-8277-5e091c8367e2
[2026-05-06T15:01:19.985Z] [HTTP] GET /system/settings - 304 (533ms)
[2026-05-06T15:01:21.941Z] [HTTP] GET / - 304 (351ms)
[2026-05-06T15:01:22.249Z] [HTTP] GET / - 304 (294ms)
[2026-05-06T15:01:22.254Z] [HTTP] GET /system/settings - 304 (494ms)
[2026-05-06T15:01:27.243Z] [INFO] 👑 Admin Action: GET /users
[2026-05-06T15:01:27.666Z] [HTTP] GET /users - 304 (425ms)
[2026-05-06T15:01:27.675Z] [INFO] 👑 Admin Action: GET /users
[2026-05-06T15:01:27.967Z] [HTTP] GET /users - 304 (293ms)
[2026-05-06T15:01:37.036Z] [HTTP] GET /profile - 304 (456ms)
[2026-05-06T15:01:41.784Z] [HTTP] GET /profile - 304 (439ms)
[2026-05-06T15:01:44.851Z] [HTTP] GET /profile - 304 (234ms)
[2026-05-06T15:01:49.041Z] [HTTP] GET /profile - 304 (257ms)
[2026-05-06T15:01:52.988Z] [HTTP] GET /profile - 304 (520ms)
[2026-05-06T15:01:56.916Z] [HTTP] GET /profile - 304 (517ms)
[2026-05-06T15:02:00.132Z] [HTTP] GET /profile - 304 (323ms)
[2026-05-06T15:02:04.892Z] [HTTP] GET /profile - 304 (713ms)
[2026-05-06T15:02:10.622Z] [HTTP] GET /profile - 304 (730ms)
[2026-05-06T15:02:13.301Z] [HTTP] GET /profile - 304 (333ms)
[2026-05-06T15:02:17.143Z] [HTTP] GET /profile - 304 (468ms)
[2026-05-06T15:02:22.056Z] [HTTP] GET /profile - 304 (764ms)
[2026-05-06T15:02:28.445Z] [INFO] 📸 Truck photo uploaded: 97aa8433-0387-4ad7-8277-5e091c8367e2/1778079743647-front.png by 97aa8433-0387-4ad7-8277-5e091c8367e2
[2026-05-06T15:02:28.460Z] [HTTP] POST /truck-photo - 200 (4897ms)
[2026-05-06T15:02:34.471Z] [INFO] 📸 Truck photo uploaded: 97aa8433-0387-4ad7-8277-5e091c8367e2/1778079748561-back.png by 97aa8433-0387-4ad7-8277-5e091c8367e2
[2026-05-06T15:02:34.472Z] [HTTP] POST /truck-photo - 200 (6009ms)
[2026-05-06T15:02:39.687Z] [INFO] 📸 Truck photo uploaded: 97aa8433-0387-4ad7-8277-5e091c8367e2/1778079754665-interior.png by 97aa8433-0387-4ad7-8277-5e091c8367e2
[2026-05-06T15:02:39.688Z] [HTTP] POST /truck-photo - 200 (5206ms)
[2026-05-06T15:02:44.659Z] [INFO] 📸 Truck photo uploaded: 97aa8433-0387-4ad7-8277-5e091c8367e2/1778079759745-exterior.png by 97aa8433-0387-4ad7-8277-5e091c8367e2
[2026-05-06T15:02:44.660Z] [HTTP] POST /truck-photo - 200 (4960ms)
[2026-05-06T15:02:45.072Z] [INFO] ✅ Storage bucket verified: truck-documents
[2026-05-06T15:02:46.644Z] [INFO] 📄 Truck document uploaded: 97aa8433-0387-4ad7-8277-5e091c8367e2/1778079765072-registration.pdf by 97aa8433-0387-4ad7-8277-5e091c8367e2
[2026-05-06T15:02:46.646Z] [HTTP] POST /truck-document - 200 (1974ms)
[2026-05-06T15:02:48.191Z] [INFO] 📄 Truck document uploaded: 97aa8433-0387-4ad7-8277-5e091c8367e2/1778079766655-fitness.pdf by 97aa8433-0387-4ad7-8277-5e091c8367e2
[2026-05-06T15:02:48.192Z] [HTTP] POST /truck-document - 200 (1540ms)
[2026-05-06T15:02:49.778Z] [INFO] 📄 Truck document uploaded: 97aa8433-0387-4ad7-8277-5e091c8367e2/1778079768207-route.pdf by 97aa8433-0387-4ad7-8277-5e091c8367e2
[2026-05-06T15:02:49.779Z] [HTTP] POST /truck-document - 200 (1575ms)
[2026-05-06T15:02:51.341Z] [INFO] 📄 Truck document uploaded: 97aa8433-0387-4ad7-8277-5e091c8367e2/1778079769790-insurance.pdf by 97aa8433-0387-4ad7-8277-5e091c8367e2
[2026-05-06T15:02:51.343Z] [HTTP] POST /truck-document - 200 (1555ms)
[2026-05-06T15:02:51.428Z] [INFO] 📦 Creating truck: ace 6193
[2026-05-06T15:02:51.755Z] [ERROR] Supabase truck creation failed:
"null value in column \"registration\" of relation \"trucks\" violates not-null constraint"
[2026-05-06T15:02:51.757Z] [ERROR] Create truck error:
{
  "statusCode": 500,
  "code": "DB_ERROR"
}
[2026-05-06T15:02:51.785Z] [HTTP] POST /trucks - 500 (367ms)
[2026-05-06T15:02:59.634Z] [HTTP] GET /profile - 304 (336ms)
[2026-05-06T15:03:00.064Z] [HTTP] GET /profile - 304 (212ms)
[2026-05-06T15:03:01.218Z] [INFO] 📸 Truck photo uploaded: 97aa8433-0387-4ad7-8277-5e091c8367e2/1778079777356-front.png by 97aa8433-0387-4ad7-8277-5e091c8367e2
[2026-05-06T15:03:01.219Z] [HTTP] POST /truck-photo - 200 (3891ms)
[2026-05-06T15:03:05.269Z] [HTTP] GET /profile - 304 (462ms)
[2026-05-06T15:03:06.366Z] [INFO] 📸 Truck photo uploaded: 97aa8433-0387-4ad7-8277-5e091c8367e2/1778079781247-back.png by 97aa8433-0387-4ad7-8277-5e091c8367e2
[2026-05-06T15:03:06.368Z] [HTTP] POST /truck-photo - 200 (5143ms)
[2026-05-06T15:03:11.486Z] [INFO] 📸 Truck photo uploaded: 97aa8433-0387-4ad7-8277-5e091c8367e2/1778079786389-interior.png by 97aa8433-0387-4ad7-8277-5e091c8367e2
[2026-05-06T15:03:11.487Z] [HTTP] POST /truck-photo - 200 (5112ms)
[2026-05-06T15:03:16.517Z] [INFO] 📸 Truck photo uploaded: 97aa8433-0387-4ad7-8277-5e091c8367e2/1778079791507-exterior.png by 97aa8433-0387-4ad7-8277-5e091c8367e2
[2026-05-06T15:03:16.519Z] [HTTP] POST /truck-photo - 200 (5022ms)
[2026-05-06T15:03:18.072Z] [INFO] 📄 Truck document uploaded: 97aa8433-0387-4ad7-8277-5e091c8367e2/1778079796548-registration.pdf by 97aa8433-0387-4ad7-8277-5e091c8367e2
[2026-05-06T15:03:18.073Z] [HTTP] POST /truck-document - 200 (1528ms)
[2026-05-06T15:03:19.511Z] [INFO] 📄 Truck document uploaded: 97aa8433-0387-4ad7-8277-5e091c8367e2/1778079798090-fitness.pdf by 97aa8433-0387-4ad7-8277-5e091c8367e2
[2026-05-06T15:03:19.512Z] [HTTP] POST /truck-document - 200 (1424ms)
[2026-05-06T15:03:20.979Z] [INFO] 📄 Truck document uploaded: 97aa8433-0387-4ad7-8277-5e091c8367e2/1778079799531-route.pdf by 97aa8433-0387-4ad7-8277-5e091c8367e2
[2026-05-06T15:03:20.981Z] [HTTP] POST /truck-document - 200 (1452ms)
[2026-05-06T15:03:22.476Z] [INFO] 📄 Truck document uploaded: 97aa8433-0387-4ad7-8277-5e091c8367e2/1778079800995-insurance.pdf by 97aa8433-0387-4ad7-8277-5e091c8367e2
[2026-05-06T15:03:22.477Z] [HTTP] POST /truck-document - 200 (1484ms)
[2026-05-06T15:03:22.495Z] [INFO] 📦 Creating truck: ace 6193
[2026-05-06T15:03:22.712Z] [ERROR] Supabase truck creation failed:
"null value in column \"registration\" of relation \"trucks\" violates not-null constraint"
[2026-05-06T15:03:22.713Z] [ERROR] Create truck error:
{
  "statusCode": 500,
  "code": "DB_ERROR"
}
[2026-05-06T15:03:22.715Z] [HTTP] POST /trucks - 500 (221ms)
[2026-05-06T15:03:24.280Z] [INFO] 💚 Health: 217MB heap | 0h 5m uptime | 10 tracked errors
[2026-05-06T15:03:56.968Z] [HTTP] GET /profile - 304 (394ms)
[2026-05-06T15:04:34.379Z] [INFO] 🔌 Initializing Supabase...
[2026-05-06T15:04:34.388Z] [INFO] 📍 URL Present: true
[2026-05-06T15:04:34.389Z] [INFO] 🔑 Keys Present: true (service: true)
[2026-05-06T15:04:34.503Z] [INFO] 🔌 Initializing Supabase...
[2026-05-06T15:04:34.523Z] [INFO] 📍 URL Present: true
[2026-05-06T15:04:34.532Z] [INFO] 🔑 Keys Present: true (service: true)
[2026-05-06T15:04:35.258Z] [INFO] ✅ Supabase connected and users table accessible
[2026-05-06T15:04:35.259Z] [INFO] ✅ Connected to Supabase PostgreSQL database
[2026-05-06T15:04:35.260Z] [INFO] ✅ Database connection established
[2026-05-06T15:04:35.266Z] [INFO] 🔌 Socket.IO initialized with namespaces: /tracking, /chat, /notifications
[2026-05-06T15:04:35.267Z] [INFO] ✅ Socket.IO initialized
[2026-05-06T15:04:35.273Z] [INFO] 🚀 Backend API running on http://localhost:3001
[2026-05-06T15:04:35.274Z] [INFO] 📊 Health check: http://localhost:3001/api/health
[2026-05-06T15:04:35.275Z] [INFO] 🔐 Auth endpoints: http://localhost:3001/api/auth/...
[2026-05-06T15:04:35.276Z] [INFO] 🔌 Socket.IO: ws://localhost:3001
[2026-05-06T15:04:35.276Z] [INFO] 📝 Environment: development
[2026-05-06T15:04:35.259Z] [INFO] ✅ Supabase connected and users table accessible
[2026-05-06T15:04:35.286Z] [INFO] ✅ Connected to Supabase PostgreSQL database
[2026-05-06T15:04:35.295Z] [INFO] ✅ Database connection established
[2026-05-06T15:04:35.309Z] [INFO] 🔌 Socket.IO initialized with namespaces: /tracking, /chat, /notifications
[2026-05-06T15:04:35.313Z] [INFO] ✅ Socket.IO initialized
[2026-05-06T15:04:51.086Z] [HTTP] GET /profile - 304 (546ms)
[2026-05-06T15:04:51.854Z] [INFO] ✅ Storage bucket verified: truck-images
[2026-05-06T15:04:55.760Z] [INFO] 📸 Truck photo uploaded: 97aa8433-0387-4ad7-8277-5e091c8367e2/1778079891855-front.png by 97aa8433-0387-4ad7-8277-5e091c8367e2
[2026-05-06T15:04:55.763Z] [HTTP] POST /truck-photo - 200 (4821ms)
[2026-05-06T15:04:59.253Z] [HTTP] GET /profile - 304 (299ms)
[2026-05-06T15:05:00.820Z] [INFO] 📸 Truck photo uploaded: 97aa8433-0387-4ad7-8277-5e091c8367e2/1778079895819-back.png by 97aa8433-0387-4ad7-8277-5e091c8367e2
[2026-05-06T15:05:00.822Z] [HTTP] POST /truck-photo - 200 (5051ms)
[2026-05-06T15:05:05.975Z] [HTTP] GET /profile - 304 (343ms)
[2026-05-06T15:05:06.028Z] [INFO] 📸 Truck photo uploaded: 97aa8433-0387-4ad7-8277-5e091c8367e2/1778079900874-interior.png by 97aa8433-0387-4ad7-8277-5e091c8367e2
[2026-05-06T15:05:06.029Z] [HTTP] POST /truck-photo - 200 (5198ms)
[2026-05-06T15:05:10.782Z] [INFO] 📸 Truck photo uploaded: 97aa8433-0387-4ad7-8277-5e091c8367e2/1778079906080-exterior.png by 97aa8433-0387-4ad7-8277-5e091c8367e2
[2026-05-06T15:05:10.784Z] [HTTP] POST /truck-photo - 200 (4747ms)
[2026-05-06T15:05:11.093Z] [INFO] ✅ Storage bucket verified: truck-documents
[2026-05-06T15:05:12.560Z] [INFO] 📄 Truck document uploaded: 97aa8433-0387-4ad7-8277-5e091c8367e2/1778079911094-registration.pdf by 97aa8433-0387-4ad7-8277-5e091c8367e2
[2026-05-06T15:05:12.561Z] [HTTP] POST /truck-document - 200 (1763ms)
[2026-05-06T15:05:14.037Z] [INFO] 📄 Truck document uploaded: 97aa8433-0387-4ad7-8277-5e091c8367e2/1778079912570-fitness.pdf by 97aa8433-0387-4ad7-8277-5e091c8367e2
[2026-05-06T15:05:14.038Z] [HTTP] POST /truck-document - 200 (1470ms)
[2026-05-06T15:05:15.429Z] [INFO] 📄 Truck document uploaded: 97aa8433-0387-4ad7-8277-5e091c8367e2/1778079914048-route.pdf by 97aa8433-0387-4ad7-8277-5e091c8367e2
[2026-05-06T15:05:15.431Z] [HTTP] POST /truck-document - 200 (1386ms)
[2026-05-06T15:05:16.833Z] [INFO] 📄 Truck document uploaded: 97aa8433-0387-4ad7-8277-5e091c8367e2/1778079915439-insurance.pdf by 97aa8433-0387-4ad7-8277-5e091c8367e2
[2026-05-06T15:05:16.834Z] [HTTP] POST /truck-document - 200 (1398ms)
[2026-05-06T15:05:16.878Z] [INFO] 📦 Creating truck: ace 6193
[2026-05-06T15:05:17.129Z] [ERROR] Supabase truck creation failed:
"new row for relation \"trucks\" violates check constraint \"trucks_status_check\""
[2026-05-06T15:05:17.131Z] [ERROR] Create truck error:
{
  "statusCode": 500,
  "code": "DB_ERROR"
}
[2026-05-06T15:05:17.143Z] [HTTP] POST /trucks - 500 (269ms)
[2026-05-06T15:07:45.157Z] [INFO] 🔌 Initializing Supabase...
[2026-05-06T15:07:45.203Z] [INFO] 📍 URL Present: true
[2026-05-06T15:07:45.209Z] [INFO] 🔑 Keys Present: true (service: true)
[2026-05-06T15:07:46.475Z] [INFO] 🔌 Initializing Supabase...
[2026-05-06T15:07:46.486Z] [INFO] 📍 URL Present: true
[2026-05-06T15:07:46.488Z] [INFO] 🔑 Keys Present: true (service: true)
[2026-05-06T15:07:47.263Z] [INFO] ✅ Supabase connected and users table accessible
[2026-05-06T15:07:47.289Z] [INFO] ✅ Connected to Supabase PostgreSQL database
[2026-05-06T15:07:47.310Z] [INFO] ✅ Supabase connected and users table accessible
[2026-05-06T15:07:47.311Z] [INFO] ✅ Connected to Supabase PostgreSQL database
[2026-05-06T15:07:47.312Z] [INFO] ✅ Database connection established
[2026-05-06T15:07:47.319Z] [INFO] 🔌 Socket.IO initialized with namespaces: /tracking, /chat, /notifications
[2026-05-06T15:07:47.320Z] [INFO] ✅ Socket.IO initialized
[2026-05-06T15:07:47.329Z] [INFO] 🚀 Backend API running on http://localhost:3001
[2026-05-06T15:07:47.330Z] [INFO] 📊 Health check: http://localhost:3001/api/health
[2026-05-06T15:07:47.331Z] [INFO] 🔐 Auth endpoints: http://localhost:3001/api/auth/...
[2026-05-06T15:07:47.331Z] [INFO] 🔌 Socket.IO: ws://localhost:3001
[2026-05-06T15:07:47.332Z] [INFO] 📝 Environment: development
[2026-05-06T15:07:47.294Z] [INFO] ✅ Database connection established
[2026-05-06T15:07:47.342Z] [INFO] 🔌 Socket.IO initialized with namespaces: /tracking, /chat, /notifications
[2026-05-06T15:07:47.353Z] [INFO] ✅ Socket.IO initialized
[2026-05-06T15:08:01.645Z] [HTTP] GET /profile - 304 (340ms)
[2026-05-06T15:10:02.666Z] [HTTP] GET /system/settings - 304 (694ms)
[2026-05-06T15:10:02.753Z] [HTTP] GET /profile - 304 (334ms)
[2026-05-06T15:10:05.187Z] [HTTP] GET /profile - 304 (244ms)
[2026-05-06T15:10:12.298Z] [HTTP] GET /system/settings - 304 (315ms)
[2026-05-06T15:10:31.401Z] [HTTP] GET /profile - 304 (336ms)
[2026-05-06T15:10:35.209Z] [HTTP] GET /profile - 304 (417ms)
[2026-05-06T15:10:40.024Z] [HTTP] GET /profile - 304 (375ms)
[2026-05-06T15:10:44.220Z] [HTTP] GET /profile - 304 (294ms)
[2026-05-06T15:10:47.759Z] [HTTP] GET /profile - 304 (409ms)
[2026-05-06T15:10:57.784Z] [HTTP] GET /profile - 304 (802ms)
[2026-05-06T15:11:01.090Z] [HTTP] GET /profile - 304 (225ms)
[2026-05-06T15:11:04.525Z] [HTTP] GET /profile - 304 (246ms)
[2026-05-06T15:11:08.588Z] [HTTP] GET /profile - 304 (316ms)
[2026-05-06T15:11:10.746Z] [INFO] ✅ Storage bucket verified: truck-images
[2026-05-06T15:11:14.194Z] [INFO] 📸 Truck photo uploaded: 97aa8433-0387-4ad7-8277-5e091c8367e2/1778080270747-front.png by 97aa8433-0387-4ad7-8277-5e091c8367e2
[2026-05-06T15:11:14.197Z] [HTTP] POST /truck-photo - 200 (4148ms)
[2026-05-06T15:11:18.038Z] [INFO] 📸 Truck photo uploaded: 97aa8433-0387-4ad7-8277-5e091c8367e2/1778080274244-back.png by 97aa8433-0387-4ad7-8277-5e091c8367e2
[2026-05-06T15:11:18.039Z] [HTTP] POST /truck-photo - 200 (3829ms)
[2026-05-06T15:11:22.882Z] [INFO] 📸 Truck photo uploaded: 97aa8433-0387-4ad7-8277-5e091c8367e2/1778080278086-interior.png by 97aa8433-0387-4ad7-8277-5e091c8367e2
[2026-05-06T15:11:22.883Z] [HTTP] POST /truck-photo - 200 (4836ms)
[2026-05-06T15:11:27.867Z] [INFO] 📸 Truck photo uploaded: 97aa8433-0387-4ad7-8277-5e091c8367e2/1778080282976-exterior.png by 97aa8433-0387-4ad7-8277-5e091c8367e2
[2026-05-06T15:11:27.869Z] [HTTP] POST /truck-photo - 200 (4979ms)
[2026-05-06T15:11:28.170Z] [INFO] ✅ Storage bucket verified: truck-documents
[2026-05-06T15:11:29.570Z] [INFO] 📄 Truck document uploaded: 97aa8433-0387-4ad7-8277-5e091c8367e2/1778080288171-registration.pdf by 97aa8433-0387-4ad7-8277-5e091c8367e2
[2026-05-06T15:11:29.573Z] [HTTP] POST /truck-document - 200 (1694ms)
[2026-05-06T15:11:31.508Z] [INFO] 📄 Truck document uploaded: 97aa8433-0387-4ad7-8277-5e091c8367e2/1778080289607-fitness.pdf by 97aa8433-0387-4ad7-8277-5e091c8367e2
[2026-05-06T15:11:31.510Z] [HTTP] POST /truck-document - 200 (1909ms)
[2026-05-06T15:11:32.974Z] [INFO] 📄 Truck document uploaded: 97aa8433-0387-4ad7-8277-5e091c8367e2/1778080291524-route.pdf by 97aa8433-0387-4ad7-8277-5e091c8367e2
[2026-05-06T15:11:32.975Z] [HTTP] POST /truck-document - 200 (1454ms)
[2026-05-06T15:11:34.469Z] [INFO] 📄 Truck document uploaded: 97aa8433-0387-4ad7-8277-5e091c8367e2/1778080292999-insurance.pdf by 97aa8433-0387-4ad7-8277-5e091c8367e2
[2026-05-06T15:11:34.471Z] [HTTP] POST /truck-document - 200 (1477ms)
[2026-05-06T15:11:34.539Z] [INFO] 📦 Creating truck: ace 6193
[2026-05-06T15:11:34.982Z] [ERROR] Supabase truck creation failed:
"new row for relation \"trucks\" violates check constraint \"trucks_status_check\""
[2026-05-06T15:11:34.985Z] [ERROR] Create truck error:
{
  "statusCode": 500,
  "code": "DB_ERROR"
}
[2026-05-06T15:11:35.019Z] [HTTP] POST /trucks - 500 (487ms)
[2026-05-06T15:11:36.775Z] [HTTP] GET /profile - 304 (226ms)
[2026-05-06T15:11:43.397Z] [HTTP] GET /profile - 304 (299ms)
[2026-05-06T15:12:42.223Z] [INFO] 🔌 Initializing Supabase...
[2026-05-06T15:12:42.247Z] [INFO] 📍 URL Present: true
[2026-05-06T15:12:42.247Z] [INFO] 🔑 Keys Present: true (service: true)
[2026-05-06T15:12:42.224Z] [INFO] 🔌 Initializing Supabase...
[2026-05-06T15:12:42.268Z] [INFO] 📍 URL Present: true
[2026-05-06T15:12:42.282Z] [INFO] 🔑 Keys Present: true (service: true)
[2026-05-06T15:12:43.597Z] [INFO] ✅ Supabase connected and users table accessible
[2026-05-06T15:12:43.614Z] [INFO] ✅ Connected to Supabase PostgreSQL database
[2026-05-06T15:12:43.625Z] [INFO] ✅ Database connection established
[2026-05-06T15:12:43.709Z] [INFO] ✅ Supabase connected and users table accessible
[2026-05-06T15:12:43.710Z] [INFO] ✅ Connected to Supabase PostgreSQL database
[2026-05-06T15:12:43.711Z] [INFO] ✅ Database connection established
[2026-05-06T15:12:43.716Z] [INFO] 🔌 Socket.IO initialized with namespaces: /tracking, /chat, /notifications
[2026-05-06T15:12:43.717Z] [INFO] ✅ Socket.IO initialized
[2026-05-06T15:12:43.823Z] [INFO] 🚀 Backend API running on http://localhost:3001
[2026-05-06T15:12:44.157Z] [INFO] 📊 Health check: http://localhost:3001/api/health
[2026-05-06T15:12:44.160Z] [INFO] 🔐 Auth endpoints: http://localhost:3001/api/auth/...
[2026-05-06T15:12:44.165Z] [INFO] 🔌 Socket.IO: ws://localhost:3001
[2026-05-06T15:12:44.166Z] [INFO] 📝 Environment: development
[2026-05-06T15:12:43.819Z] [INFO] 🔌 Socket.IO initialized with namespaces: /tracking, /chat, /notifications
[2026-05-06T15:12:44.251Z] [INFO] ✅ Socket.IO initialized
[2026-05-06T15:13:18.754Z] [HTTP] GET /profile - 304 (527ms)
[2026-05-06T15:13:20.604Z] [INFO] ✅ Storage bucket verified: truck-images
[2026-05-06T15:13:24.500Z] [INFO] 📸 Truck photo uploaded: 97aa8433-0387-4ad7-8277-5e091c8367e2/1778080400605-front.png by 97aa8433-0387-4ad7-8277-5e091c8367e2
[2026-05-06T15:13:24.503Z] [HTTP] POST /truck-photo - 200 (4218ms)
[2026-05-06T15:13:28.290Z] [INFO] 📸 Truck photo uploaded: 97aa8433-0387-4ad7-8277-5e091c8367e2/1778080404548-back.png by 97aa8433-0387-4ad7-8277-5e091c8367e2
[2026-05-06T15:13:28.292Z] [HTTP] POST /truck-photo - 200 (3781ms)
[2026-05-06T15:13:32.076Z] [INFO] 📸 Truck photo uploaded: 97aa8433-0387-4ad7-8277-5e091c8367e2/1778080408336-interior.png by 97aa8433-0387-4ad7-8277-5e091c8367e2
[2026-05-06T15:13:32.078Z] [HTTP] POST /truck-photo - 200 (3777ms)
[2026-05-06T15:13:36.914Z] [INFO] 📸 Truck photo uploaded: 97aa8433-0387-4ad7-8277-5e091c8367e2/1778080412128-exterior.png by 97aa8433-0387-4ad7-8277-5e091c8367e2
[2026-05-06T15:13:36.915Z] [HTTP] POST /truck-photo - 200 (4831ms)
[2026-05-06T15:13:37.450Z] [INFO] ✅ Storage bucket verified: truck-documents
[2026-05-06T15:13:39.541Z] [INFO] 📄 Truck document uploaded: 97aa8433-0387-4ad7-8277-5e091c8367e2/1778080417451-registration.pdf by 97aa8433-0387-4ad7-8277-5e091c8367e2
[2026-05-06T15:13:39.544Z] [HTTP] POST /truck-document - 200 (2619ms)
[2026-05-06T15:13:41.002Z] [INFO] 📄 Truck document uploaded: 97aa8433-0387-4ad7-8277-5e091c8367e2/1778080419553-fitness.pdf by 97aa8433-0387-4ad7-8277-5e091c8367e2
[2026-05-06T15:13:41.004Z] [HTTP] POST /truck-document - 200 (1455ms)
[2026-05-06T15:13:42.445Z] [INFO] 📄 Truck document uploaded: 97aa8433-0387-4ad7-8277-5e091c8367e2/1778080421016-route.pdf by 97aa8433-0387-4ad7-8277-5e091c8367e2
[2026-05-06T15:13:42.446Z] [HTTP] POST /truck-document - 200 (1434ms)
[2026-05-06T15:13:43.986Z] [INFO] 📄 Truck document uploaded: 97aa8433-0387-4ad7-8277-5e091c8367e2/1778080422461-insurance.pdf by 97aa8433-0387-4ad7-8277-5e091c8367e2
[2026-05-06T15:13:43.987Z] [HTTP] POST /truck-document - 200 (1530ms)
[2026-05-06T15:13:44.081Z] [INFO] 📦 Creating truck: ace 6193
[2026-05-06T15:13:44.518Z] [HTTP] POST /trucks - 201 (441ms)
[2026-05-06T15:13:49.944Z] [HTTP] GET /profile - 304 (313ms)
[2026-05-06T15:14:03.292Z] [INFO] 👑 Admin Action: GET /trucks
[2026-05-06T15:14:03.770Z] [HTTP] GET /trucks - 200 (482ms)
[2026-05-06T15:14:03.793Z] [INFO] 👑 Admin Action: GET /trucks
[2026-05-06T15:14:04.420Z] [HTTP] GET /trucks - 200 (627ms)
[2026-05-06T15:14:04.468Z] [HTTP] GET /profile - 304 (293ms)
[2026-05-06T15:14:14.976Z] [INFO] 👑 Admin Action: GET /users
[2026-05-06T15:14:15.329Z] [HTTP] GET /users - 304 (355ms)
[2026-05-06T15:14:15.346Z] [INFO] 👑 Admin Action: GET /users
[2026-05-06T15:14:15.608Z] [HTTP] GET /users - 304 (263ms)
[2026-05-06T15:14:17.551Z] [INFO] 👑 Admin Action: GET /trucks
[2026-05-06T15:14:17.797Z] [HTTP] GET /trucks - 200 (247ms)
[2026-05-06T15:14:17.954Z] [INFO] 👑 Admin Action: GET /trucks
[2026-05-06T15:14:18.205Z] [HTTP] GET /trucks - 200 (252ms)
[2026-05-06T15:14:20.275Z] [INFO] 👑 Admin Action: GET /trucks
[2026-05-06T15:14:20.507Z] [HTTP] GET /trucks - 200 (233ms)
[2026-05-06T15:14:30.871Z] [HTTP] GET /system/settings - 304 (375ms)
[2026-05-06T15:14:31.195Z] [HTTP] GET /profile - 304 (235ms)
[2026-05-06T15:14:34.902Z] [HTTP] GET /shipments - 304 (266ms)
[2026-05-06T15:14:35.156Z] [HTTP] GET /shipments - 304 (242ms)
[2026-05-06T15:14:35.269Z] [HTTP] GET / - 200 (325ms)
[2026-05-06T15:14:35.525Z] [HTTP] GET / - 304 (254ms)
[2026-05-06T15:14:47.183Z] [HTTP] GET /system/settings - 304 (239ms)
[2026-05-06T15:14:49.914Z] [HTTP] GET /trucks - 304 (232ms)
[2026-05-06T15:14:50.155Z] [HTTP] GET /trucks - 304 (231ms)
[2026-05-06T15:14:58.000Z] [HTTP] GET /system/settings - 304 (306ms)
[2026-05-06T15:14:58.140Z] [HTTP] GET /trucks - 304 (316ms)
[2026-05-06T15:15:00.835Z] [HTTP] GET /profile - 304 (226ms)
[2026-05-06T15:15:03.483Z] [HTTP] GET /profile - 200 (224ms)
[2026-05-06T15:15:05.459Z] [HTTP] GET /profile - 304 (226ms)
[2026-05-06T15:15:05.967Z] [HTTP] GET /profile - 304 (228ms)
[2026-05-06T15:15:06.852Z] [HTTP] GET /trucks - 200 (247ms)
[2026-05-06T15:15:07.085Z] [HTTP] GET /trucks - 200 (221ms)
[2026-05-06T15:15:44.123Z] [HTTP] GET /system/settings - 304 (667ms)
[2026-05-06T15:15:44.425Z] [HTTP] GET /profile - 304 (479ms)
[2026-05-06T15:15:54.448Z] [HTTP] GET /profile - 304 (400ms)
[2026-05-06T15:15:58.172Z] [HTTP] GET /profile - 304 (363ms)
[2026-05-06T15:16:01.736Z] [HTTP] GET /profile - 304 (387ms)
[2026-05-06T15:16:06.400Z] [HTTP] GET /profile - 304 (576ms)
[2026-05-06T15:16:13.971Z] [HTTP] GET /profile - 304 (475ms)
[2026-05-06T15:16:22.487Z] [HTTP] GET /profile - 304 (406ms)
[2026-05-06T15:16:25.623Z] [HTTP] GET /profile - 304 (245ms)
[2026-05-06T15:16:29.674Z] [HTTP] GET /profile - 304 (270ms)
[2026-05-06T15:16:33.735Z] [INFO] 📸 Truck photo uploaded: 97aa8433-0387-4ad7-8277-5e091c8367e2/1778080591221-front.png by 97aa8433-0387-4ad7-8277-5e091c8367e2
[2026-05-06T15:16:33.754Z] [HTTP] POST /truck-photo - 200 (2613ms)
[2026-05-06T15:16:40.543Z] [INFO] 📸 Truck photo uploaded: 97aa8433-0387-4ad7-8277-5e091c8367e2/1778080594043-back.png by 97aa8433-0387-4ad7-8277-5e091c8367e2
[2026-05-06T15:16:40.548Z] [HTTP] POST /truck-photo - 200 (6793ms)
[2026-05-06T15:16:45.133Z] [INFO] 📸 Truck photo uploaded: 97aa8433-0387-4ad7-8277-5e091c8367e2/1778080600675-interior.png by 97aa8433-0387-4ad7-8277-5e091c8367e2
[2026-05-06T15:16:45.135Z] [HTTP] POST /truck-photo - 200 (4571ms)
[2026-05-06T15:16:49.103Z] [INFO] 📸 Truck photo uploaded: 97aa8433-0387-4ad7-8277-5e091c8367e2/1778080605255-exterior.png by 97aa8433-0387-4ad7-8277-5e091c8367e2
[2026-05-06T15:16:49.104Z] [HTTP] POST /truck-photo - 200 (3960ms)
[2026-05-06T15:16:50.692Z] [INFO] 📄 Truck document uploaded: 97aa8433-0387-4ad7-8277-5e091c8367e2/1778080609165-registration.pdf by 97aa8433-0387-4ad7-8277-5e091c8367e2
[2026-05-06T15:16:50.693Z] [HTTP] POST /truck-document - 200 (1578ms)
[2026-05-06T15:16:52.290Z] [INFO] 📄 Truck document uploaded: 97aa8433-0387-4ad7-8277-5e091c8367e2/1778080610716-fitness.pdf by 97aa8433-0387-4ad7-8277-5e091c8367e2
[2026-05-06T15:16:52.292Z] [HTTP] POST /truck-document - 200 (1582ms)
[2026-05-06T15:16:55.868Z] [INFO] 📄 Truck document uploaded: 97aa8433-0387-4ad7-8277-5e091c8367e2/1778080614240-route.pdf by 97aa8433-0387-4ad7-8277-5e091c8367e2
[2026-05-06T15:16:55.870Z] [HTTP] POST /truck-document - 200 (1633ms)
[2026-05-06T15:16:57.464Z] [HTTP] GET /profile - 304 (670ms)
[2026-05-06T15:16:58.371Z] [INFO] 📄 Truck document uploaded: 97aa8433-0387-4ad7-8277-5e091c8367e2/1778080615944-insurance.pdf by 97aa8433-0387-4ad7-8277-5e091c8367e2
[2026-05-06T15:16:58.372Z] [HTTP] POST /truck-document - 200 (2431ms)
[2026-05-06T15:17:03.474Z] [INFO] 📦 Creating truck: acq 8273
[2026-05-06T15:17:04.155Z] [HTTP] POST /trucks - 201 (684ms)
[2026-05-06T15:17:05.032Z] [HTTP] GET /profile - 304 (268ms)
[2026-05-06T15:17:07.113Z] [HTTP] GET /system/settings - 304 (318ms)
[2026-05-06T15:17:07.575Z] [HTTP] GET /profile - 304 (337ms)
[2026-05-06T15:17:09.600Z] [INFO] 👑 Admin Action: GET /trucks
[2026-05-06T15:17:09.859Z] [HTTP] GET /trucks - 200 (259ms)
[2026-05-06T15:17:10.550Z] [INFO] 👑 Admin Action: GET /trucks
[2026-05-06T15:17:10.765Z] [HTTP] GET /trucks - 200 (216ms)
[2026-05-06T15:17:34.257Z] [INFO] 💚 Health: 218MB heap | 0h 5m uptime | 7 tracked errors
[2026-05-06T15:18:30.785Z] [HTTP] GET /profile - 304 (1836ms)
[2026-05-06T15:21:46.277Z] [INFO] 🔌 Initializing Supabase...
[2026-05-06T15:21:46.374Z] [INFO] 🔌 Initializing Supabase...
[2026-05-06T15:21:46.404Z] [INFO] 📍 URL Present: true
[2026-05-06T15:21:46.405Z] [INFO] 🔑 Keys Present: true (service: true)
[2026-05-06T15:21:46.388Z] [INFO] 📍 URL Present: true
[2026-05-06T15:21:46.454Z] [INFO] 🔑 Keys Present: true (service: true)
[2026-05-06T15:21:48.397Z] [INFO] ✅ Supabase connected and users table accessible
[2026-05-06T15:21:48.398Z] [INFO] ✅ Connected to Supabase PostgreSQL database
[2026-05-06T15:21:48.399Z] [INFO] ✅ Database connection established
[2026-05-06T15:21:48.406Z] [INFO] ✅ Supabase connected and users table accessible
[2026-05-06T15:21:48.421Z] [INFO] ✅ Connected to Supabase PostgreSQL database
[2026-05-06T15:21:48.407Z] [INFO] 🔌 Socket.IO initialized with namespaces: /tracking, /chat, /notifications
[2026-05-06T15:21:48.425Z] [INFO] ✅ Socket.IO initialized
[2026-05-06T15:21:48.443Z] [INFO] 🚀 Backend API running on http://localhost:3001
[2026-05-06T15:21:48.444Z] [INFO] 📊 Health check: http://localhost:3001/api/health
[2026-05-06T15:21:48.446Z] [INFO] 🔐 Auth endpoints: http://localhost:3001/api/auth/...
[2026-05-06T15:21:48.447Z] [INFO] 🔌 Socket.IO: ws://localhost:3001
[2026-05-06T15:21:48.449Z] [INFO] 📝 Environment: development
[2026-05-06T15:21:48.425Z] [INFO] ✅ Database connection established
[2026-05-06T15:21:48.482Z] [INFO] 🔌 Socket.IO initialized with namespaces: /tracking, /chat, /notifications
[2026-05-06T15:21:48.502Z] [INFO] ✅ Socket.IO initialized
[2026-05-06T15:22:30.459Z] [HTTP] GET /system/settings - 304 (1077ms)
[2026-05-06T15:22:30.855Z] [HTTP] GET /profile - 304 (852ms)
[2026-05-06T15:22:33.305Z] [HTTP] GET /profile - 304 (415ms)
[2026-05-06T15:22:39.831Z] [HTTP] GET /profile - 304 (1529ms)
[2026-05-06T15:22:42.519Z] [HTTP] GET /profile - 304 (408ms)
[2026-05-06T15:22:50.693Z] [HTTP] GET /profile - 304 (852ms)
[2026-05-06T15:24:19.357Z] [HTTP] GET /profile - 200 (882ms)
[2026-05-06T15:25:47.928Z] [HTTP] GET /system/settings - 304 (1436ms)
[2026-05-06T15:25:47.958Z] [HTTP] GET /profile - 304 (1194ms)
[2026-05-06T15:26:33.556Z] [INFO] 💚 Health: 218MB heap | 0h 5m uptime | 0 tracked errors
[2026-05-06T15:27:31.618Z] [HTTP] GET /system/settings - 304 (1005ms)
[2026-05-06T15:27:31.642Z] [HTTP] GET /profile - 304 (775ms)
[2026-05-06T15:28:02.621Z] [INFO] 🔌 Initializing Supabase...
[2026-05-06T15:28:02.626Z] [INFO] 📍 URL Present: true
[2026-05-06T15:28:02.628Z] [INFO] 🔑 Keys Present: true (service: true)
[2026-05-06T15:28:04.263Z] [INFO] ✅ Supabase connected and users table accessible
[2026-05-06T15:28:04.265Z] [INFO] ✅ Connected to Supabase PostgreSQL database
[2026-05-06T15:28:04.280Z] [INFO] ✅ Database connection established
[2026-05-06T15:28:04.288Z] [INFO] 🔌 Socket.IO initialized with namespaces: /tracking, /chat, /notifications
[2026-05-06T15:28:04.295Z] [INFO] ✅ Socket.IO initialized
[2026-05-06T15:28:05.194Z] [HTTP] GET /profile - 304 (333ms)
[2026-05-06T15:28:29.591Z] [HTTP] GET /system/settings - 304 (796ms)
[2026-05-06T15:28:29.794Z] [HTTP] GET /trucks - 304 (896ms)
[2026-05-06T15:28:35.583Z] [HTTP] GET /system/settings - 304 (1191ms)
[2026-05-06T15:28:44.141Z] [INFO] 👑 Admin Action: GET /trucks
[2026-05-06T15:28:45.241Z] [HTTP] GET /trucks - 200 (2047ms)
[2026-05-06T15:28:45.252Z] [INFO] 👑 Admin Action: GET /trucks
[2026-05-06T15:28:45.665Z] [HTTP] GET /trucks - 200 (414ms)
[2026-05-06T15:28:46.487Z] [HTTP] GET /system/settings - 304 (381ms)
[2026-05-06T15:29:26.084Z] [HTTP] GET /profile - 304 (1288ms)
[2026-05-06T15:29:55.057Z] [HTTP] GET /profile - 304 (1188ms)
[2026-05-06T15:29:57.693Z] [HTTP] GET /profile - 304 (400ms)
[2026-05-06T15:30:02.004Z] [HTTP] GET /profile - 304 (439ms)
[2026-05-06T15:30:07.059Z] [HTTP] GET /profile - 304 (824ms)
[2026-05-06T15:30:14.902Z] [HTTP] GET /profile - 304 (1373ms)
[2026-05-06T15:30:17.768Z] [HTTP] GET /profile - 304 (555ms)
[2026-05-06T15:30:21.379Z] [HTTP] GET /profile - 304 (592ms)
[2026-05-06T15:30:25.550Z] [HTTP] GET /profile - 304 (979ms)
[2026-05-06T15:30:27.648Z] [INFO] ✅ Storage bucket verified: truck-images
[2026-05-06T15:30:29.636Z] [HTTP] GET /profile - 304 (809ms)
[2026-05-06T15:30:34.711Z] [INFO] 📸 Truck photo uploaded: 97aa8433-0387-4ad7-8277-5e091c8367e2/1778081427649-front.png by 97aa8433-0387-4ad7-8277-5e091c8367e2
[2026-05-06T15:30:34.751Z] [HTTP] POST /truck-photo - 200 (7795ms)
[2026-05-06T15:30:35.173Z] [HTTP] GET /profile - 304 (480ms)
[2026-05-06T15:30:35.928Z] [HTTP] GET /profile - 304 (856ms)
[2026-05-06T15:30:38.216Z] [INFO] 📸 Truck photo uploaded: 97aa8433-0387-4ad7-8277-5e091c8367e2/1778081434805-back.png by 97aa8433-0387-4ad7-8277-5e091c8367e2
[2026-05-06T15:30:38.217Z] [HTTP] POST /truck-photo - 200 (3436ms)
[2026-05-06T15:30:43.495Z] [INFO] 📸 Truck photo uploaded: 97aa8433-0387-4ad7-8277-5e091c8367e2/1778081438307-interior.png by 97aa8433-0387-4ad7-8277-5e091c8367e2
[2026-05-06T15:30:43.497Z] [HTTP] POST /truck-photo - 200 (5237ms)
[2026-05-06T15:30:52.973Z] [INFO] 📸 Truck photo uploaded: 97aa8433-0387-4ad7-8277-5e091c8367e2/1778081443780-exterior.png by 97aa8433-0387-4ad7-8277-5e091c8367e2
[2026-05-06T15:30:52.975Z] [HTTP] POST /truck-photo - 200 (9470ms)
[2026-05-06T15:30:53.402Z] [INFO] ✅ Storage bucket verified: truck-documents
[2026-05-06T15:30:55.240Z] [INFO] 📄 Truck document uploaded: 97aa8433-0387-4ad7-8277-5e091c8367e2/1778081453403-registration.pdf by 97aa8433-0387-4ad7-8277-5e091c8367e2
[2026-05-06T15:30:55.241Z] [HTTP] POST /truck-document - 200 (2257ms)
[2026-05-06T15:30:57.308Z] [INFO] 📄 Truck document uploaded: 97aa8433-0387-4ad7-8277-5e091c8367e2/1778081455251-fitness.pdf by 97aa8433-0387-4ad7-8277-5e091c8367e2
[2026-05-06T15:30:57.310Z] [HTTP] POST /truck-document - 200 (2062ms)
[2026-05-06T15:30:59.403Z] [INFO] 📄 Truck document uploaded: 97aa8433-0387-4ad7-8277-5e091c8367e2/1778081457320-route.pdf by 97aa8433-0387-4ad7-8277-5e091c8367e2
[2026-05-06T15:30:59.405Z] [HTTP] POST /truck-document - 200 (2089ms)
[2026-05-06T15:31:01.911Z] [INFO] 📄 Truck document uploaded: 97aa8433-0387-4ad7-8277-5e091c8367e2/1778081459416-insurance.pdf by 97aa8433-0387-4ad7-8277-5e091c8367e2
[2026-05-06T15:31:01.913Z] [HTTP] POST /truck-document - 200 (2500ms)
[2026-05-06T15:31:01.989Z] [INFO] 📦 Creating truck: ace 7786
[2026-05-06T15:31:02.412Z] [ERROR] Supabase truck creation failed:
"new row for relation \"trucks\" violates check constraint \"trucks_status_check\""
[2026-05-06T15:31:02.414Z] [ERROR] Create truck error:
{
  "statusCode": 500,
  "code": "DB_ERROR"
}
[2026-05-06T15:31:02.441Z] [HTTP] POST /trucks - 500 (459ms)
[2026-05-06T15:31:32.667Z] [INFO] 💚 Health: 220MB heap | 0h 10m uptime | 4 tracked errors
[2026-05-06T15:32:15.138Z] [INFO] 📸 Truck photo uploaded: 97aa8433-0387-4ad7-8277-5e091c8367e2/1778081528334-front.png by 97aa8433-0387-4ad7-8277-5e091c8367e2
[2026-05-06T15:32:15.140Z] [HTTP] POST /truck-photo - 200 (6919ms)
[2026-05-06T15:32:17.557Z] [INFO] 📸 Truck photo uploaded: 97aa8433-0387-4ad7-8277-5e091c8367e2/1778081535175-back.png by 97aa8433-0387-4ad7-8277-5e091c8367e2
[2026-05-06T15:32:17.559Z] [HTTP] POST /truck-photo - 200 (2410ms)
[2026-05-06T15:33:38.819Z] [INFO] 🔌 Initializing Supabase...
[2026-05-06T15:33:38.826Z] [INFO] 📍 URL Present: true
[2026-05-06T15:33:38.827Z] [INFO] 🔑 Keys Present: true (service: true)
[2026-05-06T15:33:39.513Z] [INFO] 🔌 Initializing Supabase...
[2026-05-06T15:33:39.591Z] [INFO] 📍 URL Present: true
[2026-05-06T15:33:39.609Z] [INFO] 🔑 Keys Present: true (service: true)
[2026-05-06T15:33:40.789Z] [INFO] ✅ Supabase connected and users table accessible
[2026-05-06T15:33:40.790Z] [INFO] ✅ Connected to Supabase PostgreSQL database
[2026-05-06T15:33:40.791Z] [INFO] ✅ Database connection established
[2026-05-06T15:33:40.797Z] [INFO] 🔌 Socket.IO initialized with namespaces: /tracking, /chat, /notifications
[2026-05-06T15:33:40.798Z] [INFO] ✅ Socket.IO initialized
[2026-05-06T15:33:40.806Z] [INFO] 🚀 Backend API running on http://localhost:3001
[2026-05-06T15:33:40.807Z] [INFO] 📊 Health check: http://localhost:3001/api/health
[2026-05-06T15:33:40.808Z] [INFO] 🔐 Auth endpoints: http://localhost:3001/api/auth/...
[2026-05-06T15:33:40.808Z] [INFO] 🔌 Socket.IO: ws://localhost:3001
[2026-05-06T15:33:40.809Z] [INFO] 📝 Environment: development
[2026-05-06T15:33:40.829Z] [INFO] ✅ Supabase connected and users table accessible
[2026-05-06T15:33:40.843Z] [INFO] ✅ Connected to Supabase PostgreSQL database
[2026-05-06T15:33:40.858Z] [INFO] ✅ Database connection established
[2026-05-06T15:33:40.872Z] [INFO] 🔌 Socket.IO initialized with namespaces: /tracking, /chat, /notifications
[2026-05-06T15:33:40.876Z] [INFO] ✅ Socket.IO initialized
[2026-05-06T15:36:58.785Z] [HTTP] GET /system/settings - 304 (788ms)
[2026-05-06T15:36:58.950Z] [HTTP] GET /profile - 304 (819ms)
[2026-05-06T15:37:05.646Z] [HTTP] GET /system/settings - 304 (748ms)
[2026-05-06T15:37:23.612Z] [HTTP] GET /profile - 304 (686ms)
[2026-05-06T15:37:28.621Z] [HTTP] GET /profile - 304 (992ms)
[2026-05-06T15:37:34.435Z] [HTTP] GET /profile - 304 (1190ms)
[2026-05-06T15:37:36.638Z] [HTTP] GET /profile - 304 (287ms)
[2026-05-06T15:37:43.336Z] [HTTP] GET /profile - 304 (654ms)
[2026-05-06T15:37:46.691Z] [HTTP] GET /profile - 304 (322ms)
[2026-05-06T15:38:11.633Z] [HTTP] GET /profile - 304 (1191ms)
[2026-05-06T15:38:14.747Z] [HTTP] GET /profile - 304 (364ms)
[2026-05-06T15:38:18.226Z] [HTTP] GET /profile - 304 (471ms)
[2026-05-06T15:38:22.117Z] [HTTP] GET /profile - 304 (463ms)
[2026-05-06T15:38:23.367Z] [INFO] 💚 Health: 218MB heap | 0h 5m uptime | 0 tracked errors
[2026-05-06T15:38:23.568Z] [INFO] ✅ Storage bucket verified: truck-images
[2026-05-06T15:38:32.399Z] [INFO] 📸 Truck photo uploaded: 97aa8433-0387-4ad7-8277-5e091c8367e2/1778081903568-front.png by 97aa8433-0387-4ad7-8277-5e091c8367e2
[2026-05-06T15:38:32.404Z] [HTTP] POST /truck-photo - 200 (9374ms)
[2026-05-06T15:38:43.231Z] [INFO] 📸 Truck photo uploaded: 97aa8433-0387-4ad7-8277-5e091c8367e2/1778081912431-back.png by 97aa8433-0387-4ad7-8277-5e091c8367e2
[2026-05-06T15:38:43.232Z] [HTTP] POST /truck-photo - 200 (10821ms)
[2026-05-06T15:38:49.678Z] [INFO] 📸 Truck photo uploaded: 97aa8433-0387-4ad7-8277-5e091c8367e2/1778081923653-interior.png by 97aa8433-0387-4ad7-8277-5e091c8367e2
[2026-05-06T15:38:49.680Z] [HTTP] POST /truck-photo - 200 (6438ms)
[2026-05-06T15:38:59.055Z] [INFO] 📸 Truck photo uploaded: 97aa8433-0387-4ad7-8277-5e091c8367e2/1778081929734-exterior.png by 97aa8433-0387-4ad7-8277-5e091c8367e2
[2026-05-06T15:38:59.057Z] [HTTP] POST /truck-photo - 200 (9367ms)
[2026-05-06T15:38:59.436Z] [INFO] ✅ Storage bucket verified: truck-documents
[2026-05-06T15:39:01.872Z] [INFO] 📄 Truck document uploaded: 97aa8433-0387-4ad7-8277-5e091c8367e2/1778081939437-registration.pdf by 97aa8433-0387-4ad7-8277-5e091c8367e2
[2026-05-06T15:39:01.873Z] [HTTP] POST /truck-document - 200 (2806ms)
[2026-05-06T15:39:03.700Z] [INFO] 📄 Truck document uploaded: 97aa8433-0387-4ad7-8277-5e091c8367e2/1778081941884-fitness.pdf by 97aa8433-0387-4ad7-8277-5e091c8367e2
[2026-05-06T15:39:03.702Z] [HTTP] POST /truck-document - 200 (1823ms)
[2026-05-06T15:39:05.652Z] [INFO] 📄 Truck document uploaded: 97aa8433-0387-4ad7-8277-5e091c8367e2/1778081943710-route.pdf by 97aa8433-0387-4ad7-8277-5e091c8367e2
[2026-05-06T15:39:05.654Z] [HTTP] POST /truck-document - 200 (1947ms)
[2026-05-06T15:39:07.412Z] [INFO] 📄 Truck document uploaded: 97aa8433-0387-4ad7-8277-5e091c8367e2/1778081945664-insurance.pdf by 97aa8433-0387-4ad7-8277-5e091c8367e2
[2026-05-06T15:39:07.414Z] [HTTP] POST /truck-document - 200 (1753ms)
[2026-05-06T15:39:07.470Z] [INFO] 📦 Creating truck: acq 8273
[2026-05-06T15:39:07.724Z] [ERROR] Supabase truck creation failed:
"new row for relation \"trucks\" violates check constraint \"trucks_status_check\""
[2026-05-06T15:39:07.725Z] [ERROR] Create truck error:
{
  "statusCode": 500,
  "code": "DB_ERROR"
}
[2026-05-06T15:39:07.749Z] [HTTP] POST /trucks - 500 (286ms)
[2026-05-06T15:39:21.522Z] [HTTP] GET /profile - 304 (383ms)
[2026-05-06T15:39:25.820Z] [INFO] 📸 Truck photo uploaded: 97aa8433-0387-4ad7-8277-5e091c8367e2/1778081961823-front.png by 97aa8433-0387-4ad7-8277-5e091c8367e2
[2026-05-06T15:39:25.822Z] [HTTP] POST /truck-photo - 200 (4050ms)
[2026-05-06T15:39:33.806Z] [INFO] 📸 Truck photo uploaded: 97aa8433-0387-4ad7-8277-5e091c8367e2/1778081965887-back.png by 97aa8433-0387-4ad7-8277-5e091c8367e2
[2026-05-06T15:39:33.807Z] [HTTP] POST /truck-photo - 200 (7979ms)
[2026-05-06T15:39:38.105Z] [INFO] 📸 Truck photo uploaded: 97aa8433-0387-4ad7-8277-5e091c8367e2/1778081973849-interior.png by 97aa8433-0387-4ad7-8277-5e091c8367e2
[2026-05-06T15:39:38.107Z] [HTTP] POST /truck-photo - 200 (4283ms)
[2026-05-06T15:39:45.786Z] [INFO] 📸 Truck photo uploaded: 97aa8433-0387-4ad7-8277-5e091c8367e2/1778081978126-exterior.png by 97aa8433-0387-4ad7-8277-5e091c8367e2
[2026-05-06T15:39:45.787Z] [HTTP] POST /truck-photo - 200 (7674ms)
[2026-05-06T15:39:48.002Z] [INFO] 📄 Truck document uploaded: 97aa8433-0387-4ad7-8277-5e091c8367e2/1778081985816-registration.pdf by 97aa8433-0387-4ad7-8277-5e091c8367e2
[2026-05-06T15:39:48.011Z] [HTTP] POST /truck-document - 200 (2216ms)
[2026-05-06T15:39:49.879Z] [INFO] 📄 Truck document uploaded: 97aa8433-0387-4ad7-8277-5e091c8367e2/1778081988157-fitness.pdf by 97aa8433-0387-4ad7-8277-5e091c8367e2
[2026-05-06T15:39:49.880Z] [HTTP] POST /truck-document - 200 (1732ms)
[2026-05-06T15:39:52.195Z] [INFO] 📄 Truck document uploaded: 97aa8433-0387-4ad7-8277-5e091c8367e2/1778081989909-route.pdf by 97aa8433-0387-4ad7-8277-5e091c8367e2
[2026-05-06T15:39:52.196Z] [HTTP] POST /truck-document - 200 (2311ms)
[2026-05-06T15:39:53.696Z] [INFO] 📄 Truck document uploaded: 97aa8433-0387-4ad7-8277-5e091c8367e2/1778081992210-insurance.pdf by 97aa8433-0387-4ad7-8277-5e091c8367e2
[2026-05-06T15:39:53.698Z] [HTTP] POST /truck-document - 200 (1493ms)
[2026-05-06T15:39:53.710Z] [INFO] 📦 Creating truck: acq 8273
[2026-05-06T15:39:54.318Z] [ERROR] Supabase truck creation failed:
"new row for relation \"trucks\" violates check constraint \"trucks_status_check\""
[2026-05-06T15:39:54.319Z] [ERROR] Create truck error:
{
  "statusCode": 500,
  "code": "DB_ERROR"
}
[2026-05-06T15:39:54.321Z] [HTTP] POST /trucks - 500 (612ms)
[2026-05-06T15:41:43.640Z] [INFO] 🔌 Initializing Supabase...
[2026-05-06T15:41:43.889Z] [INFO] 📍 URL Present: true
[2026-05-06T15:41:43.890Z] [INFO] 🔑 Keys Present: true (service: true)
[2026-05-06T15:41:43.644Z] [INFO] 🔌 Initializing Supabase...
[2026-05-06T15:41:43.911Z] [INFO] 📍 URL Present: true
[2026-05-06T15:41:43.919Z] [INFO] 🔑 Keys Present: true (service: true)
[2026-05-06T15:41:45.765Z] [INFO] ✅ Supabase connected and users table accessible
[2026-05-06T15:41:45.766Z] [INFO] ✅ Connected to Supabase PostgreSQL database
[2026-05-06T15:41:45.767Z] [INFO] ✅ Database connection established
[2026-05-06T15:41:45.774Z] [INFO] 🔌 Socket.IO initialized with namespaces: /tracking, /chat, /notifications
[2026-05-06T15:41:45.774Z] [INFO] ✅ Socket.IO initialized
[2026-05-06T15:41:45.780Z] [INFO] 🚀 Backend API running on http://localhost:3001
[2026-05-06T15:41:45.781Z] [INFO] 📊 Health check: http://localhost:3001/api/health
[2026-05-06T15:41:45.782Z] [INFO] 🔐 Auth endpoints: http://localhost:3001/api/auth/...
[2026-05-06T15:41:45.783Z] [INFO] 🔌 Socket.IO: ws://localhost:3001
[2026-05-06T15:41:45.783Z] [INFO] 📝 Environment: development
[2026-05-06T15:41:45.768Z] [INFO] ✅ Supabase connected and users table accessible
[2026-05-06T15:41:45.841Z] [INFO] ✅ Connected to Supabase PostgreSQL database
[2026-05-06T15:41:45.961Z] [INFO] ✅ Database connection established
[2026-05-06T15:41:46.008Z] [INFO] 🔌 Socket.IO initialized with namespaces: /tracking, /chat, /notifications
[2026-05-06T15:41:46.050Z] [INFO] ✅ Socket.IO initialized
[2026-05-06T15:42:39.866Z] [HTTP] GET /system/settings - 304 (913ms)
[2026-05-06T15:42:46.561Z] [INFO] ✅ Storage bucket verified: truck-images
[2026-05-06T15:42:48.632Z] [HTTP] GET /profile - 304 (836ms)
[2026-05-06T15:42:52.333Z] [INFO] 📸 Truck photo uploaded: 97aa8433-0387-4ad7-8277-5e091c8367e2/1778082166562-front.png by 97aa8433-0387-4ad7-8277-5e091c8367e2
[2026-05-06T15:42:52.336Z] [HTTP] POST /truck-photo - 200 (8478ms)
[2026-05-06T15:43:00.315Z] [INFO] 📸 Truck photo uploaded: 97aa8433-0387-4ad7-8277-5e091c8367e2/1778082172453-back.png by 97aa8433-0387-4ad7-8277-5e091c8367e2
[2026-05-06T15:43:00.316Z] [HTTP] POST /truck-photo - 200 (7943ms)
[2026-05-06T15:43:05.466Z] [INFO] 📸 Truck photo uploaded: 97aa8433-0387-4ad7-8277-5e091c8367e2/1778082180689-interior.png by 97aa8433-0387-4ad7-8277-5e091c8367e2
[2026-05-06T15:43:05.468Z] [HTTP] POST /truck-photo - 200 (5014ms)
[2026-05-06T15:43:12.933Z] [INFO] 📸 Truck photo uploaded: 97aa8433-0387-4ad7-8277-5e091c8367e2/1778082185559-exterior.png by 97aa8433-0387-4ad7-8277-5e091c8367e2
[2026-05-06T15:43:12.936Z] [HTTP] POST /truck-photo - 200 (7454ms)
[2026-05-06T15:43:13.237Z] [INFO] ✅ Storage bucket verified: truck-documents
[2026-05-06T15:43:15.271Z] [INFO] 📄 Truck document uploaded: 97aa8433-0387-4ad7-8277-5e091c8367e2/1778082193238-registration.pdf by 97aa8433-0387-4ad7-8277-5e091c8367e2
[2026-05-06T15:43:15.273Z] [HTTP] POST /truck-document - 200 (2324ms)
[2026-05-06T15:43:16.863Z] [INFO] 📄 Truck document uploaded: 97aa8433-0387-4ad7-8277-5e091c8367e2/1778082195353-fitness.pdf by 97aa8433-0387-4ad7-8277-5e091c8367e2
[2026-05-06T15:43:16.865Z] [HTTP] POST /truck-document - 200 (1515ms)
[2026-05-06T15:43:20.024Z] [INFO] 📄 Truck document uploaded: 97aa8433-0387-4ad7-8277-5e091c8367e2/1778082196887-route.pdf by 97aa8433-0387-4ad7-8277-5e091c8367e2
[2026-05-06T15:43:20.025Z] [HTTP] POST /truck-document - 200 (3144ms)
[2026-05-06T15:43:22.734Z] [INFO] 📄 Truck document uploaded: 97aa8433-0387-4ad7-8277-5e091c8367e2/1778082200050-insurance.pdf by 97aa8433-0387-4ad7-8277-5e091c8367e2
[2026-05-06T15:43:22.736Z] [HTTP] POST /truck-document - 200 (2693ms)
[2026-05-06T15:43:23.371Z] [INFO] 📦 Creating truck: acq 8273
[2026-05-06T15:43:23.642Z] [ERROR] Supabase truck creation failed:
"duplicate key value violates unique constraint \"trucks_registration_key\""
[2026-05-06T15:43:23.645Z] [ERROR] Create truck error:
{
  "statusCode": 500,
  "code": "DB_ERROR"
}
[2026-05-06T15:43:23.675Z] [HTTP] POST /trucks - 500 (351ms)
[2026-05-06T15:44:42.000Z] [HTTP] GET /profile - 304 (1181ms)
[2026-05-06T16:04:40.303Z] [INFO] 💚 Health: 219MB heap | 0h 23m uptime | 5 tracked errors
[2026-05-06T22:01:47.336Z] [INFO] 💚 Health: 219MB heap | 6h 20m uptime | 5 tracked errors
[2026-05-06T22:02:42.738Z] [HTTP] GET /system/settings - 304 (2846ms)
[2026-05-06T22:02:42.744Z] [HTTP] GET /profile - 304 (2639ms)
[2026-05-06T22:02:53.044Z] [HTTP] GET /system/settings - 304 (805ms)
[2026-05-06T22:02:54.413Z] [HTTP] GET /profile - 304 (1748ms)
[2026-05-06T22:03:34.804Z] [HTTP] GET /profile - 304 (1171ms)
[2026-05-06T22:04:26.921Z] [HTTP] GET /system/settings - 304 (507ms)
[2026-05-06T22:04:27.342Z] [HTTP] GET /profile - 304 (519ms)
[2026-05-06T22:04:39.375Z] [HTTP] GET /profile - 304 (522ms)
[2026-05-06T22:04:43.587Z] [HTTP] GET /profile - 304 (640ms)
[2026-05-06T22:10:46.887Z] [INFO] 🔌 Initializing Supabase...
[2026-05-06T22:10:46.894Z] [INFO] 📍 URL Present: true
[2026-05-06T22:10:46.896Z] [INFO] 🔑 Keys Present: true (service: true)
[2026-05-06T22:10:48.690Z] [INFO] ✅ Supabase connected and users table accessible
[2026-05-06T22:10:48.697Z] [INFO] ✅ Connected to Supabase PostgreSQL database
[2026-05-06T22:10:48.705Z] [INFO] ✅ Database connection established
[2026-05-06T22:10:48.712Z] [INFO] 🔌 Socket.IO initialized with namespaces: /tracking, /chat, /notifications
[2026-05-06T22:10:48.791Z] [INFO] ✅ Socket.IO initialized
[2026-05-06T22:10:48.836Z] [INFO] 🚀 Backend API running on http://localhost:3001
[2026-05-06T22:10:48.853Z] [INFO] 📊 Health check: http://localhost:3001/api/health
[2026-05-06T22:10:48.863Z] [INFO] 🔐 Auth endpoints: http://localhost:3001/api/auth/...
[2026-05-06T22:10:48.880Z] [INFO] 🔌 Socket.IO: ws://localhost:3001
[2026-05-06T22:10:48.894Z] [INFO] 📝 Environment: development
[2026-05-06T22:12:27.161Z] [HTTP] GET /system/settings - 304 (731ms)
[2026-05-06T22:12:38.309Z] [HTTP] GET /system/settings - 304 (2263ms)
[2026-05-06T22:14:37.855Z] [HTTP] GET /profile - 200 (1456ms)
[2026-05-06T22:14:41.631Z] [HTTP] GET /profile - 304 (481ms)
[2026-05-06T22:14:43.405Z] [INFO] 👑 Admin Action: GET /users
[2026-05-06T22:14:43.661Z] [HTTP] GET /shipments - 304 (337ms)
[2026-05-06T22:14:43.923Z] [HTTP] GET /shipments - 304 (257ms)
[2026-05-06T22:14:44.011Z] [HTTP] GET /trucks - 200 (459ms)
[2026-05-06T22:14:44.300Z] [HTTP] GET /trucks - 200 (280ms)
[2026-05-06T22:14:44.453Z] [HTTP] GET /users - 304 (1052ms)
[2026-05-06T22:14:44.465Z] [INFO] 👑 Admin Action: GET /users
[2026-05-06T22:14:44.512Z] [HTTP] GET /trucks - 200 (276ms)
[2026-05-06T22:14:44.871Z] [HTTP] GET /users - 304 (408ms)
[2026-05-06T22:14:44.892Z] [HTTP] GET /shipments - 304 (647ms)
[2026-05-06T22:14:44.913Z] [HTTP] GET /trucks - 200 (356ms)
[2026-05-06T22:14:45.251Z] [HTTP] GET /shipments - 304 (318ms)
[2026-05-06T22:14:50.140Z] [INFO] 👑 Admin Action: GET /trucks
[2026-05-06T22:14:50.569Z] [HTTP] GET /trucks - 200 (429ms)
[2026-05-06T22:14:50.578Z] [INFO] 👑 Admin Action: GET /trucks
[2026-05-06T22:14:50.890Z] [HTTP] GET /trucks - 200 (314ms)
[2026-05-06T22:14:53.403Z] [WARN] ⚠️ Unauthorized access attempt by abdullah.tauqeer.chh@gmail.com (fleet_owner)
[2026-05-06T22:14:53.411Z] [HTTP] GET / - 403 (10ms)
[2026-05-06T22:14:53.417Z] [WARN] ⚠️ Unauthorized access attempt by abdullah.tauqeer.chh@gmail.com (fleet_owner)
[2026-05-06T22:14:53.437Z] [HTTP] GET / - 403 (21ms)
[2026-05-06T22:15:01.948Z] [INFO] 👑 Admin Action: GET /trucks
[2026-05-06T22:15:02.532Z] [HTTP] GET /trucks - 200 (585ms)
[2026-05-06T22:15:41.006Z] [INFO] 💚 Health: 219MB heap | 0h 5m uptime | 0 tracked errors
[2026-05-06T22:16:45.454Z] [HTTP] GET /profile - 304 (1844ms)
[2026-05-06T22:20:06.860Z] [HTTP] GET /system/settings - 304 (842ms)
[2026-05-06T22:20:06.891Z] [HTTP] GET /profile - 304 (458ms)
[2026-05-06T22:20:11.601Z] [INFO] 👑 Admin Action: GET /trucks
[2026-05-06T22:20:12.288Z] [HTTP] GET /trucks - 200 (688ms)
[2026-05-06T22:20:40.977Z] [INFO] 💚 Health: 219MB heap | 0h 10m uptime | 0 tracked errors
[2026-05-06T22:25:40.996Z] [INFO] 💚 Health: 219MB heap | 0h 15m uptime | 0 tracked errors
[2026-05-06T22:28:21.780Z] [HTTP] GET /system/settings - 304 (2312ms)
[2026-05-06T22:28:21.831Z] [HTTP] GET /profile - 304 (1899ms)
[2026-05-06T22:30:41.017Z] [INFO] 💚 Health: 219MB heap | 0h 20m uptime | 0 tracked errors
[2026-05-06T22:35:41.083Z] [INFO] 💚 Health: 219MB heap | 0h 25m uptime | 0 tracked errors
[2026-05-06T22:37:52.455Z] [INFO] 👑 Admin Action: GET /trucks
[2026-05-06T22:37:56.157Z] [HTTP] GET /shipments - 304 (4519ms)
[2026-05-06T22:37:56.181Z] [HTTP] GET /system/settings - 304 (5725ms)
[2026-05-06T22:37:56.279Z] [HTTP] GET /trucks - 200 (5404ms)
[2026-05-06T22:37:56.287Z] [HTTP] GET /system/settings - 304 (3958ms)
[2026-05-06T22:37:56.295Z] [HTTP] GET /trucks - 200 (3921ms)
[2026-05-06T22:37:56.312Z] [INFO] 👑 Admin Action: GET /trucks
[2026-05-06T22:37:56.328Z] [WARN] ⚠️ Unauthorized access attempt by abdullah.tauqeer.chh@gmail.com (fleet_owner)
[2026-05-06T22:37:56.350Z] [HTTP] GET / - 403 (27ms)
[2026-05-06T22:37:56.464Z] [HTTP] GET /shipments - 304 (264ms)
[2026-05-06T22:37:56.607Z] [HTTP] GET /trucks - 200 (298ms)
[2026-05-06T22:37:56.617Z] [WARN] ⚠️ Unauthorized access attempt by abdullah.tauqeer.chh@gmail.com (fleet_owner)
[2026-05-06T22:37:56.623Z] [HTTP] GET / - 403 (6ms)
[2026-05-06T22:37:56.981Z] [HTTP] GET /trucks - 200 (668ms)
[2026-05-06T22:40:41.074Z] [INFO] 💚 Health: 220MB heap | 0h 30m uptime | 5 tracked errors
[2026-05-06T22:41:24.920Z] [HTTP] GET /profile - 304 (1207ms)
[2026-05-06T22:41:26.928Z] [INFO] 👑 Admin Action: GET /trucks
[2026-05-06T22:41:27.232Z] [HTTP] GET /trucks - 200 (306ms)
[2026-05-06T22:45:41.086Z] [INFO] 💚 Health: 220MB heap | 0h 35m uptime | 5 tracked errors
[2026-05-06T22:50:41.121Z] [INFO] 💚 Health: 220MB heap | 0h 40m uptime | 5 tracked errors
[2026-05-06T22:52:10.452Z] [HTTP] GET /profile - 304 (2897ms)
[2026-05-06T22:52:10.460Z] [HTTP] GET /system/settings - 304 (3077ms)
[2026-05-06T22:55:22.269Z] [HTTP] GET /profile - 304 (1389ms)
[2026-05-06T22:55:41.108Z] [INFO] 💚 Health: 220MB heap | 0h 45m uptime | 6 tracked errors
[2026-05-06T22:55:56.982Z] [HTTP] GET /system/settings - 304 (1923ms)
[2026-05-06T22:55:57.930Z] [HTTP] GET /system/settings - 304 (412ms)
[2026-05-06T22:55:58.210Z] [INFO] 👑 Admin Action: GET /trucks
[2026-05-06T22:55:58.528Z] [HTTP] GET /trucks - 200 (322ms)
[2026-05-06T22:55:58.544Z] [INFO] 👑 Admin Action: GET /trucks
[2026-05-06T22:55:58.835Z] [HTTP] GET /trucks - 200 (291ms)
[2026-05-06T22:56:00.279Z] [HTTP] GET /shipments - 304 (515ms)
[2026-05-06T22:56:00.617Z] [HTTP] GET /shipments - 304 (235ms)
[2026-05-06T22:56:00.763Z] [HTTP] GET /trucks - 200 (1025ms)
[2026-05-06T22:56:01.056Z] [HTTP] GET /trucks - 200 (285ms)
[2026-05-06T22:56:01.495Z] [WARN] ⚠️ Unauthorized access attempt by abdullah.tauqeer.chh@gmail.com (fleet_owner)
[2026-05-06T22:56:01.628Z] [HTTP] GET / - 403 (245ms)
[2026-05-06T22:56:01.886Z] [WARN] ⚠️ Unauthorized access attempt by abdullah.tauqeer.chh@gmail.com (fleet_owner)
[2026-05-06T22:56:01.897Z] [HTTP] GET / - 403 (12ms)
[2026-05-06T23:00:41.114Z] [INFO] 💚 Health: 220MB heap | 0h 50m uptime | 6 tracked errors
[2026-05-06T23:05:23.522Z] [INFO] 🔌 Initializing Supabase...
[2026-05-06T23:05:23.640Z] [INFO] 📍 URL Present: true
[2026-05-06T23:05:23.713Z] [INFO] 🔑 Keys Present: true (service: true)
[2026-05-06T23:05:26.555Z] [INFO] ✅ Supabase connected and users table accessible
[2026-05-06T23:05:26.689Z] [INFO] ✅ Connected to Supabase PostgreSQL database
[2026-05-06T23:05:26.873Z] [INFO] ✅ Database connection established
[2026-05-06T23:05:27.011Z] [INFO] 🔌 Socket.IO initialized with namespaces: /tracking, /chat, /notifications
[2026-05-06T23:05:27.243Z] [INFO] ✅ Socket.IO initialized
[2026-05-06T23:05:27.351Z] [INFO] 🚀 Backend API running on http://localhost:3001
[2026-05-06T23:05:27.393Z] [INFO] 📊 Health check: http://localhost:3001/api/health
[2026-05-06T23:05:27.486Z] [INFO] 🔐 Auth endpoints: http://localhost:3001/api/auth/...
[2026-05-06T23:05:27.527Z] [INFO] 🔌 Socket.IO: ws://localhost:3001
[2026-05-06T23:05:27.548Z] [INFO] 📝 Environment: development
[2026-05-06T23:05:36.518Z] [INFO] 👑 Admin Action: GET /trucks
[2026-05-06T23:05:37.247Z] [HTTP] GET /trucks - 200 (744ms)
[2026-05-06T23:08:59.647Z] [HTTP] GET /system/settings - 304 (6712ms)
[2026-05-06T23:09:00.812Z] [HTTP] GET /profile - 304 (3189ms)
[2026-05-06T23:10:05.999Z] [HTTP] GET /system/settings - 304 (836ms)
[2026-05-06T23:10:08.321Z] [INFO] 👑 Admin Action: GET /trucks
[2026-05-06T23:10:08.791Z] [HTTP] GET /trucks - 200 (492ms)
[2026-05-06T23:10:08.800Z] [INFO] 👑 Admin Action: GET /trucks
[2026-05-06T23:10:09.075Z] [INFO] 💚 Health: 217MB heap | 0h 5m uptime | 2 tracked errors
[2026-05-06T23:10:09.110Z] [HTTP] GET /trucks - 200 (311ms)
[2026-05-06T23:10:31.360Z] [HTTP] GET /profile - 304 (1428ms)
[2026-05-06T23:11:09.289Z] [HTTP] GET /system/settings - 304 (879ms)
[2026-05-06T23:11:10.493Z] [HTTP] GET /profile - 304 (284ms)
[2026-05-06T23:11:11.785Z] [HTTP] GET /trucks - 200 (817ms)
[2026-05-06T23:11:12.297Z] [HTTP] GET /shipments - 304 (996ms)
[2026-05-06T23:11:12.349Z] [WARN] ⚠️ Unauthorized access attempt by abdullah.tauqeer.chh@gmail.com (fleet_owner)
[2026-05-06T23:11:12.367Z] [HTTP] GET / - 403 (31ms)
[2026-05-06T23:12:05.508Z] [HTTP] GET /system/settings - 304 (828ms)
[2026-05-06T23:12:26.710Z] [HTTP] GET /trucks - 200 (499ms)
[2026-05-06T23:12:26.966Z] [HTTP] GET /trucks - 200 (253ms)
[2026-05-06T23:12:46.542Z] [HTTP] GET /profile - 304 (1581ms)
[2026-05-06T23:15:09.152Z] [INFO] 💚 Health: 219MB heap | 0h 10m uptime | 2 tracked errors
[2026-05-06T23:17:30.709Z] [HTTP] GET /system/settings - 304 (2154ms)
[2026-05-06T23:17:30.789Z] [HTTP] GET /system/settings - 304 (1426ms)
[2026-05-06T23:17:30.801Z] [HTTP] GET /profile - 304 (1103ms)
[2026-05-06T23:17:30.808Z] [HTTP] GET /profile - 304 (1627ms)
[2026-05-06T23:17:41.505Z] [HTTP] GET /profile - 304 (757ms)
[2026-05-06T23:17:42.888Z] [HTTP] GET /profile - 304 (250ms)
[2026-05-06T23:19:44.470Z] [HTTP] GET /profile - 304 (1333ms)
[2026-05-06T23:19:51.832Z] [HTTP] GET /profile - 304 (555ms)
[2026-05-06T23:20:01.121Z] [HTTP] GET /system/settings - 304 (440ms)
[2026-05-06T23:20:01.746Z] [HTTP] GET /shipments - 304 (651ms)
[2026-05-06T23:20:02.133Z] [HTTP] GET /shipments - 304 (318ms)
[2026-05-06T23:20:02.235Z] [HTTP] GET /trucks - 200 (1178ms)
[2026-05-06T23:20:03.074Z] [INFO] 💰 Price calculated: PKR 60548 (base=2500, dist=42000, surge=0, GST=8700)
[2026-05-06T23:20:03.092Z] [HTTP] POST /pricing/calculate - 200 (55ms)
[2026-05-06T23:20:03.128Z] [WARN] ⚠️ Unauthorized access attempt by abdullah.tauqeer.chh@gmail.com (fleet_owner)
[2026-05-06T23:20:03.135Z] [HTTP] GET / - 403 (10ms)
[2026-05-06T23:20:03.365Z] [HTTP] GET /trucks - 200 (253ms)
[2026-05-06T23:20:03.373Z] [HTTP] GET /trucks - 200 (256ms)
[2026-05-06T23:20:03.380Z] [HTTP] GET /system/settings - 304 (242ms)
[2026-05-06T23:20:03.430Z] [INFO] 💰 Price calculated: PKR 69391 (base=3000, dist=48000, surge=0, GST=9971)
[2026-05-06T23:20:03.441Z] [HTTP] POST /pricing/calculate - 200 (11ms)
[2026-05-06T23:20:04.592Z] [WARN] ⚠️ Unauthorized access attempt by abdullah.tauqeer.chh@gmail.com (fleet_owner)
[2026-05-06T23:20:04.606Z] [HTTP] GET / - 403 (14ms)
[2026-05-06T23:20:06.199Z] [HTTP] GET /system/settings - 304 (248ms)
[2026-05-06T23:20:08.768Z] [HTTP] GET /trucks - 200 (277ms)
[2026-05-06T23:20:09.162Z] [INFO] 💚 Health: 220MB heap | 0h 15m uptime | 2 tracked errors
[2026-05-06T23:20:09.261Z] [HTTP] GET /trucks - 200 (356ms)
[2026-05-06T23:20:11.694Z] [INFO] 💰 Price calculated: PKR 60548 (base=2500, dist=42000, surge=0, GST=8700)
[2026-05-06T23:20:11.733Z] [HTTP] POST /pricing/calculate - 200 (39ms)
[2026-05-06T23:20:11.867Z] [INFO] 💰 Price calculated: PKR 60548 (base=2500, dist=42000, surge=0, GST=8700)
[2026-05-06T23:20:11.900Z] [HTTP] POST /pricing/calculate - 200 (33ms)
[2026-05-06T23:20:12.160Z] [HTTP] GET /trucks - 200 (331ms)
[2026-05-06T23:20:12.447Z] [HTTP] GET /trucks - 200 (239ms)
[2026-05-06T23:20:13.038Z] [INFO] 💰 Price calculated: PKR 69391 (base=3000, dist=48000, surge=0, GST=9971)
[2026-05-06T23:20:13.042Z] [HTTP] POST /pricing/calculate - 200 (4ms)
[2026-05-06T23:20:13.103Z] [HTTP] GET /profile - 304 (293ms)
[2026-05-06T23:20:13.419Z] [HTTP] GET /trucks - 200 (255ms)
[2026-05-06T23:20:13.473Z] [INFO] 👑 Admin Action: GET /trucks
[2026-05-06T23:20:13.539Z] [HTTP] GET /shipments - 304 (372ms)
[2026-05-06T23:20:13.686Z] [WARN] ⚠️ Unauthorized access attempt by abdullah.tauqeer.chh@gmail.com (fleet_owner)
[2026-05-06T23:20:13.690Z] [HTTP] GET / - 403 (4ms)
[2026-05-06T23:20:13.742Z] [HTTP] GET /trucks - 200 (270ms)
[2026-05-06T23:20:13.749Z] [INFO] 👑 Admin Action: GET /trucks
[2026-05-06T23:20:13.985Z] [HTTP] GET /trucks - 200 (237ms)
[2026-05-06T23:20:14.101Z] [HTTP] GET /profile - 304 (250ms)
[2026-05-06T23:22:06.914Z] [ERROR] 🚨 [MONITOR] booking_date.getHours is not a function
{
  "url": "/api/services/pricing/calculate",
  "method": "POST",
  "ip": "::1",
  "userAgent": "Mozilla/5.0 (Windows NT 10.0; Win64; x64) AppleWebKit/537.36 (KHTML, like Gecko) Chrome/147.0.0.0 Safari/537.36"
}
[2026-05-06T23:22:06.941Z] [ERROR] 500 INTERNAL_ERROR:
{}
[2026-05-06T23:22:06.952Z] [HTTP] POST /api/services/pricing/calculate - 500 (111ms)
[2026-05-06T23:22:12.742Z] [ERROR] 🚨 [MONITOR] booking_date.getHours is not a function
{
  "url": "/api/services/pricing/calculate",
  "method": "POST",
  "ip": "::1",
  "userAgent": "Mozilla/5.0 (Windows NT 10.0; Win64; x64) AppleWebKit/537.36 (KHTML, like Gecko) Chrome/147.0.0.0 Safari/537.36"
}
[2026-05-06T23:22:12.751Z] [ERROR] 500 INTERNAL_ERROR:
{}
[2026-05-06T23:22:12.809Z] [HTTP] POST /api/services/pricing/calculate - 500 (70ms)
[2026-05-06T23:22:17.126Z] [ERROR] 🚨 [MONITOR] booking_date.getHours is not a function
{
  "url": "/api/services/pricing/calculate",
  "method": "POST",
  "ip": "::1",
  "userAgent": "Mozilla/5.0 (Windows NT 10.0; Win64; x64) AppleWebKit/537.36 (KHTML, like Gecko) Chrome/147.0.0.0 Safari/537.36"
}
[2026-05-06T23:22:17.133Z] [ERROR] 500 INTERNAL_ERROR:
{}
[2026-05-06T23:22:17.143Z] [HTTP] POST /api/services/pricing/calculate - 500 (19ms)
[2026-05-06T23:22:17.501Z] [ERROR] 🚨 [MONITOR] booking_date.getHours is not a function
{
  "url": "/api/services/pricing/calculate",
  "method": "POST",
  "ip": "::1",
  "userAgent": "Mozilla/5.0 (Windows NT 10.0; Win64; x64) AppleWebKit/537.36 (KHTML, like Gecko) Chrome/147.0.0.0 Safari/537.36"
}
[2026-05-06T23:22:17.510Z] [ERROR] 500 INTERNAL_ERROR:
{}
[2026-05-06T23:22:17.521Z] [HTTP] POST /api/services/pricing/calculate - 500 (23ms)
[2026-05-06T23:22:17.731Z] [ERROR] 🚨 [MONITOR] booking_date.getHours is not a function
{
  "url": "/api/services/pricing/calculate",
  "method": "POST",
  "ip": "::1",
  "userAgent": "Mozilla/5.0 (Windows NT 10.0; Win64; x64) AppleWebKit/537.36 (KHTML, like Gecko) Chrome/147.0.0.0 Safari/537.36"
}
[2026-05-06T23:22:17.740Z] [ERROR] 500 INTERNAL_ERROR:
{}
[2026-05-06T23:22:17.749Z] [HTTP] POST /api/services/pricing/calculate - 500 (21ms)
[2026-05-06T23:22:17.928Z] [ERROR] 🚨 [MONITOR] booking_date.getHours is not a function
{
  "url": "/api/services/pricing/calculate",
  "method": "POST",
  "ip": "::1",
  "userAgent": "Mozilla/5.0 (Windows NT 10.0; Win64; x64) AppleWebKit/537.36 (KHTML, like Gecko) Chrome/147.0.0.0 Safari/537.36"
}
[2026-05-06T23:22:17.943Z] [ERROR] 500 INTERNAL_ERROR:
{}
[2026-05-06T23:22:17.958Z] [HTTP] POST /api/services/pricing/calculate - 500 (32ms)
[2026-05-06T23:22:18.088Z] [ERROR] 🚨 [MONITOR] booking_date.getHours is not a function
{
  "url": "/api/services/pricing/calculate",
  "method": "POST",
  "ip": "::1",
  "userAgent": "Mozilla/5.0 (Windows NT 10.0; Win64; x64) AppleWebKit/537.36 (KHTML, like Gecko) Chrome/147.0.0.0 Safari/537.36"
}
[2026-05-06T23:22:18.107Z] [ERROR] 500 INTERNAL_ERROR:
{}
[2026-05-06T23:22:18.133Z] [HTTP] POST /api/services/pricing/calculate - 500 (46ms)
[2026-05-06T23:22:34.324Z] [ERROR] Create shipment error:
{
  "name": "ZodError",
  "message": "[\n  {\n    \"expected\": \"string\",\n    \"code\": \"invalid_type\",\n    \"path\": [\n      \"cargo_description\"\n    ],\n    \"message\": \"Invalid input: expected string, received undefined\"\n  },\n  {\n    \"expected\": \"number\",\n    \"code\": \"invalid_type\",\n    \"path\": [\n      \"budget\"\n    ],\n    \"message\": \"Invalid input: expected number, received undefined\"\n  }\n]"
}
[2026-05-06T23:22:34.341Z] [HTTP] POST /shipments - 500 (154ms)
[2026-05-06T23:24:19.906Z] [ERROR] 🚨 [MONITOR] booking_date.getHours is not a function
{
  "url": "/api/services/pricing/calculate",
  "method": "POST",
  "ip": "::1",
  "userAgent": "Mozilla/5.0 (Windows NT 10.0; Win64; x64) AppleWebKit/537.36 (KHTML, like Gecko) Chrome/147.0.0.0 Safari/537.36"
}
[2026-05-06T23:24:19.925Z] [ERROR] 500 INTERNAL_ERROR:
{}
[2026-05-06T23:24:19.940Z] [HTTP] POST /api/services/pricing/calculate - 500 (36ms)
[2026-05-06T23:25:09.140Z] [INFO] 💚 Health: 222MB heap | 0h 20m uptime | 10 tracked errors
[2026-05-06T23:25:53.938Z] [INFO] 🔌 Initializing Supabase...
[2026-05-06T23:25:53.983Z] [INFO] 📍 URL Present: true
[2026-05-06T23:25:53.994Z] [INFO] 🔑 Keys Present: true (service: true)
[2026-05-06T23:25:57.515Z] [INFO] ✅ Supabase connected and users table accessible
[2026-05-06T23:25:57.590Z] [INFO] ✅ Connected to Supabase PostgreSQL database
[2026-05-06T23:25:57.656Z] [INFO] ✅ Database connection established
[2026-05-06T23:25:57.752Z] [INFO] 🔌 Socket.IO initialized with namespaces: /tracking, /chat, /notifications
[2026-05-06T23:25:57.790Z] [INFO] ✅ Socket.IO initialized
[2026-05-06T23:25:57.880Z] [INFO] 🚀 Backend API running on http://localhost:3001
[2026-05-06T23:25:57.893Z] [INFO] 📊 Health check: http://localhost:3001/api/health
[2026-05-06T23:25:57.947Z] [INFO] 🔐 Auth endpoints: http://localhost:3001/api/auth/...
[2026-05-06T23:25:57.975Z] [INFO] 🔌 Socket.IO: ws://localhost:3001
[2026-05-06T23:25:58.016Z] [INFO] 📝 Environment: development
[2026-05-06T23:26:04.520Z] [INFO] 📦 Creating shipment from lahore to islamabad
[2026-05-06T23:26:05.112Z] [HTTP] GET /system/settings - 304 (1267ms)
[2026-05-06T23:26:05.374Z] [HTTP] GET /profile - 304 (1205ms)
[2026-05-06T23:26:05.888Z] [HTTP] POST /shipments - 201 (1374ms)
[2026-05-06T23:26:09.939Z] [HTTP] GET /shipments - 200 (449ms)
[2026-05-06T23:26:10.664Z] [HTTP] GET /shipments - 304 (260ms)
[2026-05-06T23:26:16.438Z] [HTTP] GET /system/settings - 304 (442ms)
[2026-05-06T23:26:16.761Z] [HTTP] GET /profile - 304 (272ms)
[2026-05-06T23:26:17.114Z] [HTTP] GET /trucks - 200 (268ms)
[2026-05-06T23:26:17.229Z] [HTTP] GET /shipments - 304 (379ms)
[2026-05-06T23:26:17.242Z] [WARN] ⚠️ Unauthorized access attempt by abdullah.tauqeer.chh@gmail.com (fleet_owner)
[2026-05-06T23:26:17.247Z] [HTTP] GET / - 403 (6ms)
[2026-05-06T23:26:22.628Z] [HTTP] GET /shipments - 304 (447ms)
[2026-05-06T23:26:22.641Z] [WARN] ⚠️ Unauthorized access attempt by abdullah.tauqeer.chh@gmail.com (fleet_owner)
[2026-05-06T23:26:22.643Z] [HTTP] GET / - 403 (3ms)
[2026-05-06T23:26:22.874Z] [HTTP] GET /shipments - 304 (240ms)
[2026-05-06T23:26:22.883Z] [WARN] ⚠️ Unauthorized access attempt by abdullah.tauqeer.chh@gmail.com (fleet_owner)
[2026-05-06T23:26:22.887Z] [HTTP] GET / - 403 (5ms)
[2026-05-06T23:26:28.294Z] [HTTP] GET /trucks - 200 (450ms)
[2026-05-06T23:26:28.571Z] [HTTP] GET /trucks - 200 (266ms)
[2026-05-06T23:26:31.325Z] [HTTP] GET /shipments - 304 (468ms)
[2026-05-06T23:26:31.352Z] [WARN] ⚠️ Unauthorized access attempt by abdullah.tauqeer.chh@gmail.com (fleet_owner)
[2026-05-06T23:26:31.373Z] [HTTP] GET / - 403 (21ms)
[2026-05-06T23:26:31.895Z] [HTTP] GET /shipments - 304 (559ms)
[2026-05-06T23:26:31.966Z] [WARN] ⚠️ Unauthorized access attempt by abdullah.tauqeer.chh@gmail.com (fleet_owner)
[2026-05-06T23:26:31.976Z] [HTTP] GET / - 403 (10ms)
[2026-05-06T23:26:35.009Z] [HTTP] GET /profile - 304 (258ms)
[2026-05-06T23:26:35.476Z] [HTTP] GET /shipments - 304 (416ms)
[2026-05-06T23:26:41.198Z] [HTTP] GET /shipments/1ae3a3f0-e28c-45d6-8fe2-aff21ed9177d - 200 (394ms)
[2026-05-06T23:26:41.484Z] [HTTP] GET /shipments/1ae3a3f0-e28c-45d6-8fe2-aff21ed9177d - 304 (247ms)
[2026-05-06T23:26:41.682Z] [HTTP] GET /trips/by-shipment - 404 (411ms)
[2026-05-06T23:26:42.113Z] [HTTP] GET /trips/by-shipment - 404 (343ms)
[2026-05-06T23:27:28.900Z] [HTTP] GET /profile - 304 (666ms)
[2026-05-06T23:27:29.461Z] [HTTP] GET /profile - 304 (297ms)
[2026-05-06T23:27:29.757Z] [HTTP] GET /shipments - 304 (419ms)
[2026-05-06T23:27:29.861Z] [WARN] ⚠️ Unauthorized access attempt by abdullah.tauqeer.chh@gmail.com (fleet_owner)
[2026-05-06T23:27:29.863Z] [HTTP] GET / - 403 (3ms)
[2026-05-06T23:30:43.388Z] [INFO] 💚 Health: 219MB heap | 0h 5m uptime | 0 tracked errors
[2026-05-06T23:35:20.762Z] [INFO] 🔌 Initializing Supabase...
[2026-05-06T23:35:20.812Z] [INFO] 📍 URL Present: true
[2026-05-06T23:35:20.813Z] [INFO] 🔑 Keys Present: true (service: true)
[2026-05-06T23:35:22.629Z] [INFO] ✅ Supabase connected and users table accessible
[2026-05-06T23:35:22.630Z] [INFO] ✅ Connected to Supabase PostgreSQL database
[2026-05-06T23:35:22.633Z] [INFO] ✅ Database connection established
[2026-05-06T23:35:22.646Z] [INFO] 🔌 Socket.IO initialized with namespaces: /tracking, /chat, /notifications
[2026-05-06T23:35:22.653Z] [INFO] ✅ Socket.IO initialized
[2026-05-06T23:35:22.676Z] [INFO] 🚀 Backend API running on http://localhost:3001
[2026-05-06T23:35:22.681Z] [INFO] 📊 Health check: http://localhost:3001/api/health
[2026-05-06T23:35:22.713Z] [INFO] 🔐 Auth endpoints: http://localhost:3001/api/auth/...
[2026-05-06T23:35:22.869Z] [INFO] 🔌 Socket.IO: ws://localhost:3001
[2026-05-06T23:35:22.987Z] [INFO] 📝 Environment: development
[2026-05-06T23:37:29.411Z] [INFO] 🔌 Initializing Supabase...
[2026-05-06T23:37:30.035Z] [INFO] 📍 URL Present: true
[2026-05-06T23:37:30.048Z] [INFO] 🔑 Keys Present: true (service: true)
[2026-05-06T23:37:33.904Z] [INFO] ✅ Supabase connected and users table accessible
[2026-05-06T23:37:33.912Z] [INFO] ✅ Connected to Supabase PostgreSQL database
[2026-05-06T23:37:33.931Z] [INFO] ✅ Database connection established
[2026-05-06T23:37:33.944Z] [INFO] 🔌 Socket.IO initialized with namespaces: /tracking, /chat, /notifications
[2026-05-06T23:37:33.982Z] [INFO] ✅ Socket.IO initialized
[2026-05-06T23:37:34.023Z] [INFO] 🚀 Backend API running on http://localhost:3001
[2026-05-06T23:37:34.031Z] [INFO] 📊 Health check: http://localhost:3001/api/health
[2026-05-06T23:37:34.045Z] [INFO] 🔐 Auth endpoints: http://localhost:3001/api/auth/...
[2026-05-06T23:37:34.049Z] [INFO] 🔌 Socket.IO: ws://localhost:3001
[2026-05-06T23:37:34.097Z] [INFO] 📝 Environment: development
[2026-05-06T23:41:24.067Z] [HTTP] GET /profile - 304 (1396ms)
[2026-05-06T23:41:24.506Z] [HTTP] GET /system/settings - 304 (280ms)
[2026-05-06T23:41:25.471Z] [HTTP] GET /shipments - 200 (307ms)
[2026-05-06T23:41:25.636Z] [HTTP] GET /profile - 304 (437ms)
[2026-05-06T23:41:25.781Z] [HTTP] GET /shipments - 200 (285ms)
[2026-05-06T23:41:25.808Z] [WARN] ⚠️ Unauthorized access attempt by abdullah.tauqeer.chh@gmail.com (fleet_owner)
[2026-05-06T23:41:25.814Z] [HTTP] GET /users/3744e34e-7910-45ec-86de-827ba97874fd - 403 (8ms)
[2026-05-06T23:41:25.826Z] [WARN] ⚠️ Unauthorized access attempt by abdullah.tauqeer.chh@gmail.com (fleet_owner)
[2026-05-06T23:41:25.829Z] [HTTP] GET /users/3744e34e-7910-45ec-86de-827ba97874fd - 403 (4ms)
[2026-05-06T23:41:26.122Z] [HTTP] GET /trucks/2e8af087-bf21-44cd-ab46-74653b065dea - 200 (278ms)
[2026-05-06T23:41:26.158Z] [WARN] ⚠️ Unauthorized access attempt by abdullah.tauqeer.chh@gmail.com (fleet_owner)
[2026-05-06T23:41:26.179Z] [HTTP] GET /users/3744e34e-7910-45ec-86de-827ba97874fd - 403 (21ms)
[2026-05-06T23:41:26.481Z] [HTTP] GET /trucks/2e8af087-bf21-44cd-ab46-74653b065dea - 200 (279ms)
[2026-05-06T23:41:26.587Z] [WARN] ⚠️ Unauthorized access attempt by abdullah.tauqeer.chh@gmail.com (fleet_owner)
[2026-05-06T23:41:26.606Z] [HTTP] GET / - 403 (28ms)
[2026-05-06T23:42:01.959Z] [HTTP] GET /system/settings - 304 (824ms)
[2026-05-06T23:42:02.073Z] [HTTP] GET /profile - 304 (916ms)
[2026-05-06T23:42:11.256Z] [INFO] 💚 Health: 218MB heap | 0h 5m uptime | 0 tracked errors
[2026-05-06T23:46:59.405Z] [HTTP] GET /system/settings - 304 (818ms)
[2026-05-06T23:47:01.573Z] [INFO] 👑 Admin Action: GET /trucks
[2026-05-06T23:47:01.938Z] [HTTP] GET /trucks - 200 (399ms)
[2026-05-06T23:47:01.958Z] [INFO] 👑 Admin Action: GET /trucks
[2026-05-06T23:47:02.239Z] [HTTP] GET /trucks - 200 (281ms)
[2026-05-06T23:47:11.224Z] [INFO] 💚 Health: 219MB heap | 0h 10m uptime | 0 tracked errors
[2026-05-06T23:47:15.919Z] [HTTP] GET /profile - 304 (593ms)
[2026-05-06T23:47:16.449Z] [INFO] 👑 Admin Action: GET /users
[2026-05-06T23:47:16.772Z] [HTTP] GET /users - 304 (324ms)
[2026-05-06T23:47:16.782Z] [INFO] 👑 Admin Action: GET /users
[2026-05-06T23:47:16.937Z] [HTTP] GET /shipments - 200 (401ms)
[2026-05-06T23:47:16.958Z] [HTTP] GET /trucks - 200 (451ms)
[2026-05-06T23:47:17.035Z] [HTTP] GET /users - 304 (254ms)
[2026-05-06T23:47:17.201Z] [HTTP] GET /trucks - 200 (222ms)
[2026-05-06T23:47:17.225Z] [HTTP] GET /shipments - 304 (252ms)
[2026-05-06T23:47:26.608Z] [HTTP] GET /profile - 304 (522ms)
[2026-05-06T23:47:28.652Z] [HTTP] GET /profile - 304 (285ms)
[2026-05-06T23:47:30.482Z] [HTTP] GET /profile - 304 (248ms)
[2026-05-06T23:47:33.905Z] [HTTP] GET /system/settings - 304 (262ms)
[2026-05-06T23:47:34.357Z] [HTTP] GET /shipments - 304 (470ms)
[2026-05-06T23:47:34.636Z] [HTTP] GET /shipments - 304 (240ms)
[2026-05-06T23:47:34.677Z] [HTTP] GET /shipments - 304 (259ms)
[2026-05-06T23:47:34.803Z] [WARN] ⚠️ Unauthorized access attempt by abdullah.tauqeer.chh@gmail.com (fleet_owner)
[2026-05-06T23:47:34.850Z] [HTTP] GET /users/3744e34e-7910-45ec-86de-827ba97874fd - 403 (46ms)
[2026-05-06T23:47:34.982Z] [HTTP] GET /shipments - 304 (263ms)
[2026-05-06T23:47:35.060Z] [WARN] ⚠️ Unauthorized access attempt by abdullah.tauqeer.chh@gmail.com (fleet_owner)
[2026-05-06T23:47:35.094Z] [HTTP] GET /users/3744e34e-7910-45ec-86de-827ba97874fd - 403 (35ms)
[2026-05-06T23:47:35.099Z] [WARN] ⚠️ Unauthorized access attempt by abdullah.tauqeer.chh@gmail.com (fleet_owner)
[2026-05-06T23:47:35.149Z] [HTTP] GET /users/3744e34e-7910-45ec-86de-827ba97874fd - 403 (50ms)
[2026-05-06T23:47:35.164Z] [WARN] ⚠️ Unauthorized access attempt by abdullah.tauqeer.chh@gmail.com (fleet_owner)
[2026-05-06T23:47:35.177Z] [HTTP] GET /users/3744e34e-7910-45ec-86de-827ba97874fd - 403 (14ms)
[2026-05-06T23:47:35.444Z] [HTTP] GET /trucks/2e8af087-bf21-44cd-ab46-74653b065dea - 200 (285ms)
[2026-05-06T23:47:35.488Z] [WARN] ⚠️ Unauthorized access attempt by abdullah.tauqeer.chh@gmail.com (fleet_owner)
[2026-05-06T23:47:35.503Z] [HTTP] GET /users/3744e34e-7910-45ec-86de-827ba97874fd - 403 (16ms)
[2026-05-06T23:47:35.739Z] [HTTP] GET /trucks/2e8af087-bf21-44cd-ab46-74653b065dea - 200 (267ms)
[2026-05-06T23:47:35.828Z] [WARN] ⚠️ Unauthorized access attempt by abdullah.tauqeer.chh@gmail.com (fleet_owner)
[2026-05-06T23:47:35.835Z] [HTTP] GET /users/3744e34e-7910-45ec-86de-827ba97874fd - 403 (8ms)
[2026-05-06T23:47:36.169Z] [HTTP] GET /trucks/2e8af087-bf21-44cd-ab46-74653b065dea - 200 (359ms)
[2026-05-06T23:47:36.247Z] [WARN] ⚠️ Unauthorized access attempt by abdullah.tauqeer.chh@gmail.com (fleet_owner)
[2026-05-06T23:47:36.251Z] [HTTP] GET / - 403 (8ms)
[2026-05-06T23:47:36.439Z] [HTTP] GET /trucks/2e8af087-bf21-44cd-ab46-74653b065dea - 200 (254ms)
[2026-05-06T23:47:36.463Z] [WARN] ⚠️ Unauthorized access attempt by abdullah.tauqeer.chh@gmail.com (fleet_owner)
[2026-05-06T23:47:36.474Z] [HTTP] GET / - 403 (12ms)
[2026-05-06T23:52:11.251Z] [INFO] 💚 Health: 219MB heap | 0h 15m uptime | 0 tracked errors
